id,store_name,store_email,department,income,date_measured,country
1,"Cullen/Frost Bankers, Inc.",,Clothing,$54438554.24,14 July 2006,UK 
2,Nordson Corporation,,Tools,$41744177.01,3 December 2006,united states of america
3,"Stag Industrial, Inc.",,Beauty,$36152340.34,12 August 2003,UNITED STATES
4,FIRST REPUBLIC BANK,ecanadine3@fc2.com,Automotive,$8928350.04,26 October 2006,UK 
5,Mercantile Bank Corporation,,Baby,$33552742.32,24 December 1973,UK 
6,"Auburn National Bancorporation, Inc.",ccaldeyroux5@dion.ne.jp,Grocery,$69798987.04,11 October 1999,uk
7,"Interlink Electronics, Inc.",orodenborch6@skyrock.com,Garden,$22521052.79,8 June 2001, United States of America
8,"Tallgrass Energy Partners, LP",,Grocery,$54405380.40,16 June 1992,South Africa 
9,Tronox Limited,,Outdoors,$99290004.13,21 January 1992,United States.
10,"Synopsys, Inc.",lcancellieri9@tmall.com,Electronics,$44091294.62,15 November 2006,United States
11,"Hercules Capital, Inc.",,Beauty,$91009365.11,19 October 1994,South Africa/
12,TrustCo Bank Corp NY,,Garden,$24853409.58,7 May 1993,United States 
13,Canadian Pacific Railway Limited,,Electronics,$65184489.16,5 June 1966,United States of America
14,"Copart, Inc.",,Kids,$54371540.24,24 March 2005,South Africa.
15,"Autoliv, Inc.",,Music,$25747934.59,9 November 1986,United Kingdom 
16,New Home Company Inc. (The),nhinchcliffef@whitehouse.gov,Shoes,$90808764.99,14 February 1993,United Kingdom 
17,First Financial Corporation Indiana,,Electronics,$26955392.71,5 February 2007,South Africa.
18,Royal Bank Scotland plc (The),clernihanh@google.cn,Music,$2290913.13,14 August 2002,United States of America 
19,Vulcan Materials Company,croxburghi@ed.gov,Health,$8888812.21,10 August 2009,United States of America/
20,Methanex Corporation,bsussansj@google.es,,$20201805.61,8 May 2009,United States of America
21,Capitala Finance Corp.,,Clothing,$53247043.04,12 October 2009,United States
22,PowerShares S&P SmallCap Energy Portfolio,,Kids,$93408516.83,7 July 1998,South Africa 
23,"Thor Industries, Inc.",,Industrial,$23189326.11,16 February 1993,south africa
24,"Onconova Therapeutics, Inc.",,Movies,$2751890.91,5 September 2005,UK/
25,Assured Guaranty Ltd.,,Jewelry,$41704053.97,3 July 2002,United Kingdom.
26,Canadian Imperial Bank of Commerce,izanetellop@intel.com,Toys,$76415622.90,23 February 2006,United States 
27,Black Hills Corporation,,Garden,$62498022.77,26 May 1969, United Kingdom
28,Novelion Therapeutics Inc. ,,Beauty,$52885296.66,12 July 2012,United States of America/
29,"Synthetic Fixed-Income Securities, Inc.",,Jewelry,$95440266.37,11 September 2001, South Africa
30,"Marinus Pharmaceuticals, Inc.",cperviewt@accuweather.com,Home,$65709900.96,4 October 1996,UNITED STATES
31,Ferroglobe PLC,volderu@yolasite.com,Outdoors,$17091915.76,17 February 1995,United Kingdom/
32,Gladstone Commercial Corporation,,Jewelry,$35560625.69,26 October 1989,United States of America/
33,"Mellanox Technologies, Ltd.",,,$76894243.13,2 March 2010,UK/
34,American Outdoor Brands Corporation,,Toys,$3505941.60,4 May 1994,SOUTH AFRICA
35,"Paychex, Inc.",,Electronics,$15680466.33,13 May 2005,SOUTH AFRICA
36,American Campus Communities Inc,,Electronics,$39976625.15,18 November 2008,South Africa 
37,"Citizens Financial Group, Inc.",dprimmer10@google.com,Movies,$68063757.74,8 June 2012,United States of America/
38,AllianzGI Convertible & Income Fund II,zattenborough11@zdnet.com,Games,$75932149.61,6 October 2007,United Kingdom.
39,"Mueller Industries, Inc.",,Movies,$43762308.69,5 February 2006, UK
40,First Potomac Realty Trust,bglossup13@usnews.com,Tools,$5665154.91,23 January 1997,United States
41,The Gabelli Healthcare & Wellness Trust,,Home,$7096977.36,6 July 1989,united kingdom
42,"Ebix, Inc.",vsprigin15@hatena.ne.jp,Garden,$86041109.50,14 July 1994,UNITED KINGDOM
43,Torchmark Corporation,esliman16@amazon.de,Clothing,$74811428.77,16 October 2006,South Africa 
44,Actua Corporation,,Automotive,$88923238.13,23 December 2011,united states of america
45,"Allied World Assurance Company Holdings, AG",kwestley18@odnoklassniki.ru,Kids,$29713982.25,25 October 1975, United States
46,SeaSpine Holdings Corporation,lwermerling19@icq.com,Health,$72510893.34,23 March 1995,UNITED STATES OF AMERICA
47,"Banco Latinoamericano de Comercio Exterior, S.A.",,Music,$57576442.70,27 April 2006,South Africa
48,First Trust NASDAQ Clean Edge Smart Grid Infrastructure Index ,,Garden,$77830854.66,21 December 2010,UNITED STATES
49,WisdomTree Middle East Dividend Fund,,Garden,$6306471.67,20 February 1987,United Kingdom 
50,"ChemoCentryx, Inc.",mrenny1d@hatena.ne.jp,Computers,$79009006.26,15 March 1989,UNITED STATES
51,IQ Chaikin U.S. Small Cap ETF,,Beauty,$10746587.89,5 August 2004,South Africa/
52,Textainer Group Holdings Limited,,Home,$61594948.18,2 October 1999,United Kingdom/
53,"Brookline Bancorp, Inc.",bbruneton1g@dailymotion.com,Movies,$15708206.65,12 May 1997,United States 
54,Christopher & Banks Corporation,,Toys,$63712978.44,15 December 2005,United States.
55,"The Bon-Ton Stores, Inc.",,Tools,$54902950.68,5 July 1997, United States
56,Jensyn Acquistion Corp.,,Home,$10012452.97,13 June 1996,United States/
57,"Northfield Bancorp, Inc.",,Baby,$15044289.80,21 March 2005,South Africa.
58,Extra Space Storage Inc,,Health,$81459541.82,26 August 2009, United States
59,"CapStar Financial Holdings, Inc.",,Baby,$81245084.12,2 July 2010, United States
60,"Interpublic Group of Companies, Inc. (The)",olangan1n@barnesandnoble.com,Electronics,$3557559.32,14 December 1993,united kingdom
61,LHC Group,hwestrey1o@jigsy.com,Jewelry,$28458081.44,13 December 1994,UNITED STATES OF AMERICA
62,"Alliance Holdings GP, L.P.",,Home,$59015579.18,27 October 1985,United States
63,JMU Limited,,Beauty,$79106483.07,2 June 2010,united states
64,"Cedar Realty Trust, Inc.",,Baby,$12463300.46,4 September 1990,United States of America.
65,"Cavco Industries, Inc.",,Kids,$53771183.86,22 October 1998,United States of America.
66,Capital City Bank Group,,Baby,$45712413.61,16 June 2003,South Africa/
67,"Kratos Defense & Security Solutions, Inc.",okhomishin1u@oakley.com,Books,$78539919.99,15 August 2003,United States
68,The Intergroup Corporation,,Garden,$69900311.41,27 December 2006,UK 
69,TransCanada Corporation,cdufaur1w@webs.com,Jewelry,$7246755.41,6 August 2006,UK
70,Amarin Corporation plc,djura1x@amazon.de,,$67286696.47,18 May 1993,UNITED STATES
71,Belden Inc,kbevington1y@last.fm,Outdoors,$73846486.84,23 April 2004,united states
72,"Safeguard Scientifics, Inc.",,Automotive,$29756244.15,24 June 1997,South Africa/
73,"Kirkland's, Inc.",,Clothing,$12621170.22,24 September 1970,South Africa.
74,GasLog Partners LP,ttayt21@devhub.com,Outdoors,$65138567.40,5 April 2004,United Kingdom.
75,Humana Inc.,,Sports,$13640139.45,18 March 2005,UK
76,"Everspin Technologies, Inc.",,Movies,$80755578.48,8 February 2011,United States 
77,"Dr Pepper Snapple Group, Inc",danstee24@wix.com,Movies,$87768768.83,20 May 2012,united states of america
78,"AcelRx Pharmaceuticals, Inc.",hcrane25@addthis.com,Garden,$20404582.52,6 May 1978,United States of America.
79,"Transcontinental Realty Investors, Inc.",,Computers,$43544199.56,20 April 2009,united states of america
80,Lennar Corporation,skahen27@forbes.com,Games,$46479031.19,26 February 2004,united states
81,"BeiGene, Ltd.",khow28@irs.gov,Toys,$74632262.36,20 July 2001,united states
82,FIRST REPUBLIC BANK,,Home,$98038007.79,16 May 1985,United States of America.
83,Invacare Corporation,,Tools,$31671772.23,6 November 2008, United Kingdom
84,PBF Energy Inc.,,Home,$9183184.99,5 July 1978,south africa
85,Tiptree Inc.,,Grocery,$21233771.08,7 December 2002,United Kingdom
86,Vulcan Materials Company,,Automotive,$57363630.56,16 July 1998,united states
87,"Extreme Networks, Inc.",npayton2e@howstuffworks.com,Toys,$13410134.84,7 October 2000,United States of America/
88,"NextEra Energy, Inc.",,Beauty,$73816446.78,27 August 2012,South Africa.
89,Mercer International Inc.,,Garden,$15711848.36,26 December 2007,UK 
90,Salient Midstream & MLP Fund,cjory2h@gmpg.org,Books,$82554446.10,25 June 2002,United States of America
91,"Celadon Group, Inc.",,Movies,$68941482.21,2 October 1996, United States
92,"ALJ Regional Holdings, Inc.",,Grocery,$89368007.47,22 July 2000,UK
93,"Juniper Networks, Inc.",,Toys,$84405684.49,8 September 1992,United Kingdom/
94,Novanta Inc.,glucia2l@deviantart.com,Beauty,$31563148.09,25 June 1998,South Africa.
95,Triangle Capital Corporation,crodolf2m@ask.com,Tools,$23825679.54,19 September 1998,united kingdom
96,Telecom Italia S.P.A.,,Toys,$61199426.97,18 August 2010,United Kingdom.
97,Bank of America Corporation,zsussans2o@discuz.net,Automotive,$78947711.82,20 August 2006, United Kingdom
98,ON Semiconductor Corporation,dmcaneny2p@friendfeed.com,Outdoors,$856142.71,19 March 1963,south africa
99,International Speedway Corporation,,Automotive,$91817502.46,8 June 2001,UK/
100,Entegra Financial Corp.,gbowling2r@vimeo.com,Toys,$87400217.97,12 July 2002, South Africa
101,Abeona Therapeutics Inc.,tlammertz2s@google.es,Games,$57280965.64,4 July 2012,United States 
102,"Poage Bankshares, Inc.",eshemming2t@tripadvisor.com,Sports,$27664852.63,12 February 2006,united kingdom
103,"Vitamin Shoppe, Inc",,Games,$94385994.29,20 July 2001,UK
104,"Owens & Minor, Inc.",rshevell2v@odnoklassniki.ru,Outdoors,$14901499.68,13 September 2010, UK
105,Apache Corporation,,Clothing,$29670677.06,8 October 1984,UK
106,Bitauto Holdings Limited,,Home,$160042.27,3 October 1994,South Africa 
107,First Trust High Income Long Short Fund,,Toys,$75397882.66,8 October 1998,UK 
108,Thomson Reuters Corp,aciciotti2z@phpbb.com,Shoes,$75630073.35,16 January 2005,United States/
109,WNS (Holdings) Limited,,Home,$16933435.84,3 August 2007,United States/
110,Sherwin-Williams Company (The),mmenaul31@smugmug.com,Clothing,$1791354.11,16 June 1996,UK
111,Companhia de saneamento Basico Do Estado De Sao Paulo - Sabesp,rfilyakov32@springer.com,Toys,$24433244.97,8 January 1986,United States of America.
112,Pacific Premier Bancorp Inc,,Games,$88521324.45,24 June 2009,UK 
113,"Infinity Pharmaceuticals, Inc.",,Tools,$82226912.36,8 July 2010,UK
114,SPDR Dorsey Wright Fixed Income Allocation ETF,,Automotive,$17347616.14,6 September 2007,South Africa
115,"Hawaiian Holdings, Inc.",hbridel36@live.com,Movies,$56881548.31,24 October 1998,uk
116,Exterran Corporation,apetyankin37@google.es,Baby,$45080944.24,8 January 1999, United States of America
117,Westmoreland Coal Company,aroxbrough38@cnet.com,Grocery,$89647782.48,18 August 1984,united states of america
118,Altisource Portfolio Solutions S.A.,tventam39@tamu.edu,Sports,$1167739.52,25 May 1996,United States 
119,Lloyds Banking Group Plc,abaskerville3a@jigsy.com,Jewelry,$27477323.90,25 June 1996,united kingdom
120,Flowserve Corporation,bbertelet3b@bluehost.com,Games,$80179957.75,1 December 2006,United States of America 
121,VelocityShares 3x Inverse Gold ETN,sknibbs3c@irs.gov,Games,$20989721.85,3 March 2011,United Kingdom.
122,National General Holdings Corp,,Tools,$55429671.71,8 November 2008,South Africa/
123,"Rollins, Inc.",,Health,$78536144.79,18 May 2000,United Kingdom/
124,Horizons DAX Germany ETF,,Clothing,$86336821.26,19 April 2007,united states of america
125,Bank of America Corporation,mdidomenico3g@sakura.ne.jp,Outdoors,$48574873.55,10 August 1992,UK.
126,"Prudential Financial, Inc.",,Tools,$80699446.04,26 February 2000,United Kingdom
127,Principal Healthcare Innovators Index ETF,apow3i@exblog.jp,Jewelry,$4178728.11,24 June 2008, United States
128,Universal Display Corporation,,Automotive,$89200581.72,18 November 1960,united kingdom
129,Nuveen Michigan Quality Municipal Income Fund,,Music,$72066777.05,12 January 2002,United States.
130,Lions Gate Entertainment Corporation,aakerman3l@yale.edu,Electronics,$61221308.53,10 December 2008,South Africa/
131,Heico Corporation,,Music,$51839011.01,16 January 1999,United Kingdom
132,Corning Incorporated,,Electronics,$30278882.07,10 November 1993,united states of america
133,Credit Suisse AG,vmoss3o@amazon.de,Movies,$16836704.24,24 November 1993, United States of America
134,Kennametal Inc.,klargent3p@hibu.com,Industrial,$42925052.13,12 October 2007,United States.
135,Nuveen Short Duration Credit Opportunities Fund,dofficer3q@chron.com,Electronics,$45159215.74,2 January 1988,United States of America
136,Federal Realty Investment Trust,,Automotive,$78795437.61,14 January 2003,UNITED STATES OF AMERICA
137,F.N.B. Corporation,,Health,$56816841.96,26 February 1988,South Africa.
138,Quinpario Acquisition Corp. 2,,Baby,$61384136.07,13 September 1996,United States
139,"Marcus & Millichap, Inc.",,Electronics,$43995798.14,27 June 2004,United States of America.
140,"Entergy Louisiana, Inc.",,Music,$13963032.66,23 August 1992,UK.
141,"DSP Group, Inc.",aallawy3w@sciencedirect.com,Shoes,$23170196.45,6 November 1995,South Africa.
142,Bank of America Corporation,,Sports,$1853075.58,13 August 2006,South Africa/
143,Energous Corporation,,Electronics,$4467770.23,5 March 2007,united states of america
144,Investors Real Estate Trust,bsieur3z@toplist.cz,Sports,$81142637.75,4 October 1986,South Africa
145,"Midland States Bancorp, Inc.",,Outdoors,$25211071.68,8 May 2010,South Africa
146,"Diplomat Pharmacy, Inc.",ecausier41@amazon.de,Music,$95620377.66,15 November 2008,United States of America/
147,Discover Financial Services,mmccreagh42@netlog.com,Baby,$55198695.75,17 March 1984,UK/
148,Amedica Corporation,,Outdoors,$45967485.13,4 May 2009,united states of america
149,"Concert Pharmaceuticals, Inc.",dbenzi44@reddit.com,Automotive,$26545775.37,13 July 1995,United Kingdom.
150,"Aberdeen Japan Equity Fund, Inc. ",mmadrell45@drupal.org,Kids,$90760328.08,24 July 1997,south africa
151,"Assurant, Inc.",sbare46@netscape.com,Electronics,$48527857.37,1 November 1990,SOUTH AFRICA
152,Noodles & Company,adavidsson47@imageshack.us,,$40609743.80,2 September 2011,United Kingdom/
153,Nuveen New York Municipal Value Fund 2,,Clothing,$23488727.10,1 July 1995,united kingdom
154,"PB Bancorp, Inc.",tdoppler49@cpanel.net,Computers,$85852566.40,8 July 2002, South Africa
155,"Cidara Therapeutics, Inc.",vconti4a@cpanel.net,Tools,$8711880.58,7 March 1994,United States of America/
156,FIRST REPUBLIC BANK,dglasscoo4b@hao123.com,Grocery,$90684137.82,27 January 2000,United States of America
157,Invesco Credit Opportunities Fund,bbanghe4c@cbc.ca,Kids,$43274196.01,19 January 2007,United States.
158,Cimpress N.V,,Garden,$13179663.99,5 April 2003,United Kingdom
159,"Stericycle, Inc.",,Outdoors,$53872201.90,18 December 1994,United States of America
160,SCIENCE APPLICATIONS INTERNATIONAL CORPORATION,mbardell4f@people.com.cn,Kids,$18425995.58,19 October 1999,UK/
161,Nevro Corp.,,Clothing,$3677980.65,10 February 2006,South Africa 
162,Vanguard Intermediate -Term Government Bond ETF,,Electronics,$56580921.34,13 April 1990,United States of America
163,Heritage Financial Corporation,,Jewelry,$86458506.24,12 November 2007,UNITED STATES
164,"Conn's, Inc.",,Shoes,$48585592.95,1 August 1995,United States of America.
165,"Home Bancorp, Inc.",,Outdoors,$90098060.11,8 May 1978,UK
166,Amdocs Limited,,Shoes,$34840754.86,11 May 2000,United Kingdom.
167,Prana Biotechnology Ltd,,Music,$11378622.77,16 July 2005,UNITED STATES
168,"GoPro, Inc.",,Jewelry,$37112543.49,4 October 2008,United States of America
169,"Spok Holdings, Inc.",,Shoes,$17101356.97,12 February 1992,United Kingdom 
170,iShares MSCI EAFE Small-Cap ETF,,Industrial,$5760890.24,10 July 2003,United States
171,"Acasti Pharma, Inc.",emannock4q@etsy.com,Health,$22240472.33,8 October 2005, UK
172,General Cable Corporation,jmacilurick4r@netlog.com,Clothing,$17157586.44,9 June 2002,united states
173,Janus Henderson Small Cap Growth Alpha ETF,,Games,$1115820.58,8 August 1994,SOUTH AFRICA
174,Illinois Tool Works Inc.,vmcillroy4t@hatena.ne.jp,Sports,$17114493.35,17 November 2007,South Africa/
175,DarioHealth Corp.,,Beauty,$79500696.42,5 January 2009,United Kingdom 
176,"LightInTheBox Holding Co., Ltd.",livanichev4v@smh.com.au,Industrial,$43321277.55,2 January 1992, United States of America
177,"ABIOMED, Inc.",sbraney4w@naver.com,,$141522.34,18 October 2005,United States of America/
178,"AmTrust Financial Services, Inc.",egawler4x@nationalgeographic.com,Computers,$11790929.66,23 September 2012,UK
179,eGain Corporation,,Tools,$29700935.25,20 July 1992,UK/
180,"Xenia Hotels & Resorts, Inc.",agobel4z@hatena.ne.jp,Jewelry,$71848937.39,20 November 2008,United States
181,PowerShares S&P SmallCap Financials Portfolio,,Kids,$43122133.45,21 September 2002,united kingdom
182,"ViaSat, Inc.",kivanyukov51@squarespace.com,Health,$70349873.83,26 June 1987,UK
183,NovoCure Limited,,Garden,$95476651.47,12 October 1999,UNITED KINGDOM
184,"Selective Insurance Group, Inc.",,Music,$9641831.29,4 February 2000,United States of America.
185,Credit Suisse AG,aivanikov54@house.gov,Tools,$89203199.22,23 June 2009,South Africa/
186,Anworth Mortgage Asset  Corporation,,Jewelry,$66373505.81,13 November 1979,united states
187,Nuveen Insured California Select Tax-Free Income Portfolio,,Grocery,$62414167.57,7 June 2006,SOUTH AFRICA
188,"Veracyte, Inc.",,Games,$35333288.96,7 March 1999,South Africa/
189,PureFunds ETFx HealthTech ETF,,Home,$92683333.26,1 September 1995,united kingdom
190,Companhia Brasileira de Distribuicao,,Industrial,$65863090.56,15 November 2001,United States/
191,Actua Corporation,,Computers,$93822176.07,22 February 1995, United States
192,Chemed Corp.,,Industrial,$29891441.13,27 July 1997, United States
193,"Tower International, Inc.",,Music,$17607137.54,14 August 2013,United Kingdom 
194,Cognizant Technology Solutions Corporation,,Shoes,$50865269.56,24 October 2008,United Kingdom/
195,The Carlyle Group L.P.,jouchterlony5e@cnet.com,Kids,$79250741.94,9 November 1986,United States 
196,"P & F Industries, Inc.",,Shoes,$19285527.87,16 December 2002,United Kingdom.
197,"BancorpSouth, Inc.",,Tools,$74913147.02,8 August 2002,united states of america
198,Xperi Corporation,,Automotive,$15989885.34,27 April 2010,united states of america
199,Agrium Inc.,,Outdoors,$36905259.52,21 November 2006, United States
200,EXFO Inc,ssemerad5j@list-manage.com,Grocery,$9436329.07,23 April 2000,United States
201,"Texas Capital Bancshares, Inc.",,Outdoors,$78190419.71,5 November 1991,United States of America/
202,Immuron Limited,lderrick5l@chicagotribune.com,Beauty,$66799626.75,22 December 1994, United Kingdom
203,"Ambarella, Inc.",,Baby,$14384553.05,2 March 2001,UK
204,Western Asset/Claymore U.S. Treasury Inflation Prot Secs Fd,groles5n@histats.com,Grocery,$76757108.46,1 September 2009, South Africa
205,DSW Inc.,hlambrechts5o@nih.gov,Books,$15338266.25,25 August 1997,South Africa/
206,"Raven Industries, Inc.",,Toys,$94682705.52,19 April 2006,United Kingdom.
207,ECA Marcellus Trust I,,Kids,$62620448.49,13 June 1999,United Kingdom 
208,Concord Medical Services Holdings Limited,,Sports,$76908385.47,8 October 2000,UK
209,Shenandoah Telecommunications Co,,Electronics,$32566341.84,8 March 1986, United States
210,"Avid Technology, Inc.",ntuckley5t@earthlink.net,Baby,$52155716.33,19 April 2002,South Africa.
211,"SPX FLOW, Inc.",,Outdoors,$29494755.83,19 November 1992,United States
212,"Ascena Retail Group, Inc.",,Games,$73301159.69,5 June 2011, South Africa
213,Public Storage,,Books,$12766955.79,7 December 1997,United States 
214,"Provident Financial Services, Inc",,Grocery,$35478970.33,13 September 2007,United States.
215,"Ardelyx, Inc.",,Toys,$98561372.98,15 April 1995,UNITED KINGDOM
216,"Enviva Partners, LP",,Sports,$84614286.16,27 July 1992,uk
217,Citigroup Inc.,rvern60@mozilla.com,Books,$89488923.52,15 January 2010,UNITED KINGDOM
218,"China HGS Real Estate, Inc.",,Toys,$32678110.91,24 March 2006,United States of America/
219,"Analog Devices, Inc.",,Computers,$22323759.98,25 November 1963,United States of America
220,Oil-Dri Corporation Of America,,Games,$15055607.42,11 April 2007,United States 
221,Investors Real Estate Trust,,Baby,$7611085.91,11 June 2006, United Kingdom
222,Silver Run Acquisition Corporation II,,Computers,$2837235.38,3 April 2002,UK/
223,"United Fire Group, Inc",dhartzogs66@gnu.org,Movies,$15910820.03,19 November 2005,United States.
224,CHS Inc,lesmead67@aboutads.info,Baby,$26787437.53,15 May 1994,UK
225,"Fidelity National Financial, Inc.",,Toys,$79468617.68,17 November 1995, UK
226,Foresight Autonomous Holdings Ltd.,,Automotive,$53012480.56,3 August 1997,UK/
227,IZEA Inc.,otrayte6a@constantcontact.com,Baby,$77507114.76,23 July 1994,United States/
228,"Asta Funding, Inc.",,Beauty,$97039022.99,16 February 2011, UK
229,Babcock,,Outdoors,$64263388.11,16 May 2005,UK/
230,Salesforce.com Inc,,Books,$96439419.55,22 November 1999,United States
231,Titan Machinery Inc.,knelthorp6e@microsoft.com,Electronics,$86254526.30,3 October 2010,united kingdom
232,Tredegar Corporation,jfattori6f@sourceforge.net,Electronics,$7864945.03,25 May 1990,United States of America 
233,Origo Acquisition Corporation,,Garden,$1728016.32,17 April 1992,South Africa 
234,"TJX Companies, Inc. (The)",,Music,$34235905.20,18 April 1997,united states
235,"Cellectar Biosciences, Inc.",kfowells6i@networkadvertising.org,Shoes,$99964688.01,16 February 2004, UK
236,"AngioDynamics, Inc.",apetto6j@va.gov,Tools,$90724852.27,13 September 2005, United States of America
237,Tidewater Inc.,,Clothing,$91237701.42,10 August 2002, United States
238,"Owens-Illinois, Inc.",,Sports,$18609827.64,19 November 2000, UK
239,THL Credit Senior Loan Fund,aacock6m@merriam-webster.com,Jewelry,$83653032.19,3 November 1986,SOUTH AFRICA
240,"North American Energy Partners, Inc.",bdow6n@biglobe.ne.jp,Garden,$16076794.10,8 April 2001,south africa
241,Vanguard Mortgage-Backed Securities ETF,smctavy6o@godaddy.com,Shoes,$38718310.61,12 June 2009, United Kingdom
242,Farmers National Banc Corp.,dstuchburie6p@google.co.jp,Electronics,$34350743.70,16 January 2009,South Africa.
243,"Barnes & Noble, Inc.",,Health,$53485703.63,4 November 2011,UNITED KINGDOM
244,"Huaneng Power International, Inc.",,Music,$21644854.74,18 August 1995,United States/
245,Territorial Bancorp Inc.,,Books,$46826939.95,26 March 2007, South Africa
246,Gladstone Commercial Corporation,,Toys,$43100751.23,20 February 2011,UK/
247,iShares S&P/Citigroup International Treasury Bond Fund,rhackett6u@ed.gov,Health,$99099942.62,7 December 2010,UK
248,Medallion Financial Corp.,dpillifant6v@4shared.com,Jewelry,$64537013.88,9 July 2005,United Kingdom/
249,RLI Corp.,,Industrial,$39618461.51,2 March 2011,South Africa/
250,"Myers Industries, Inc.",,Industrial,$14627366.66,12 February 2010,UK
251,"Emerald Expositions Events, Inc.",cderoos6y@google.fr,Health,$56721357.78,9 July 1992, United States
252,WashingtonFirst Bankshares Inc,,Jewelry,$299538.23,13 July 1997,united states of america
253,"CRA International,Inc.",hpebworth70@amazon.de,Baby,$47467259.25,6 March 1998,SOUTH AFRICA
254,PowerShares S&P SmallCap Financials Portfolio,bludman71@oaic.gov.au,Baby,$3093239.26,12 April 1996, South Africa
255,"aTyr Pharma, Inc.",iroache72@theatlantic.com,Electronics,$35739018.00,1 May 2004,UK 
256,Gramercy Property Trust,daulton73@fastcompany.com,Baby,$8044227.73,26 March 2004,United Kingdom 
257,Nuveen Credit Opportunities 2022 Target Term Fund,bferneyhough74@xrea.com,Sports,$36908240.52,23 February 1999,South Africa
258,"Beasley Broadcast Group, Inc.",nbolstridge75@sourceforge.net,Tools,$10921888.92,1 February 1990,UK/
259,"Winnebago Industries, Inc.",,Industrial,$93979378.36,15 February 2002,United Kingdom 
260,"Validus Holdings, Ltd.",ajenno77@go.com,Books,$47628341.82,7 June 2000,United States of America.
261,PICO Holdings Inc.,nhartop78@symantec.com,Electronics,$11900748.53,14 October 2001,South Africa/
262,"J. Jill, Inc.",awhanstall79@blog.com,Games,$95232579.34,2 February 1999,UK/
263,Caesarstone Ltd.,,Home,$90545858.00,16 April 1991, United States of America
264,"ACI Worldwide, Inc.",,Baby,$15520365.27,10 November 1995, United States
265,Azul S.A.,ccullagh7c@census.gov,Sports,$93261905.48,3 February 1998,UK
266,Vanguard Russell 1000 Value ETF,,Beauty,$58595676.93,20 October 1992,uk
267,Sears Canada Inc. ,,Industrial,$35739445.53,26 December 1993,South Africa 
268,KraneShares CSI China Internet ETF,ckarpman7f@nih.gov,Movies,$62374602.62,12 April 1992,South Africa.
269,Bank of America Corporation,,Industrial,$94184600.58,17 August 1991,uk
270,Ark Restaurants Corp.,,Clothing,$58876962.00,4 September 2003,United States of America 
271,West Corporation,kcandey7i@epa.gov,Health,$48817493.63,10 August 1986,UK/
272,Weingarten Realty Investors,dtremaine7j@dailymotion.com,Beauty,$693436.41,18 July 2001,UK
273,"SGOCO Group, Ltd",,Grocery,$44064118.41,21 May 2003,SOUTH AFRICA
274,"VASCO Data Security International, Inc.",amatys7l@sitemeter.com,Sports,$39520896.36,27 January 2007, UK
275,"Gray Television, Inc.",,Games,$80288079.25,13 September 1994,United Kingdom/
276,MidSouth Bancorp,eslocumb7n@narod.ru,Clothing,$3326844.64,25 October 2004,UNITED KINGDOM
277,"Chipotle Mexican Grill, Inc.",wrolfs7o@netvibes.com,Home,$53638450.93,7 June 2008,UK
278,CSRA Inc.,,Garden,$1134704.26,25 December 2000,UK/
279,Atomera Incorporated,,Movies,$22851944.46,5 April 1997,UK.
280,"BCE, Inc.",,Electronics,$12744409.82,17 April 2005,UK
281,AllianceBernstein Holding L.P.,dcartmell7s@economist.com,Books,$46829603.20,23 May 2007,United Kingdom 
282,Nuveen Global High Income Fund,skinman7t@mail.ru,Automotive,$40616606.32,13 July 2002,UK
283,Bank of America Corporation,mdibben7u@miitbeian.gov.cn,Health,$79341506.08,12 December 2002,South Africa/
284,"J.B. Hunt Transport Services, Inc.",,Outdoors,$54166771.86,18 February 2006, United States
285,Mylan N.V.,aprint7w@icio.us,Shoes,$13818030.98,2 August 2008,United States
286,Nutraceutical International Corporation,hyelding7x@blogger.com,Sports,$29676892.07,25 May 2002, United States
287,Westmoreland Coal Company,,Clothing,$24994117.83,22 April 2005,UNITED KINGDOM
288,1st Constitution Bancorp (NJ),,Clothing,$79140976.55,2 June 1998, United States of America
289,"TriState Capital Holdings, Inc.",,Garden,$8752678.25,16 August 2006, United States
290,Community West Bancshares,,Movies,$93527468.74,22 October 1995, United Kingdom
291,Enterprise Bancorp Inc,,Kids,$18238390.99,26 December 2000,United States of America 
292,National General Holdings Corp,cmauvin83@chron.com,Beauty,$56084351.23,19 March 1987,United States of America/
293,"StealthGas, Inc.",,Computers,$25936422.93,26 May 2003,UNITED KINGDOM
294,Rosetta Stone,,Health,$37729619.94,14 March 1998,United States of America/
295,"Patterson-UTI Energy, Inc.",,Grocery,$74157450.75,24 March 2003,South Africa/
296,Blackrock Enhanced Equity Dividend Trust,kprattin87@unc.edu,Computers,$8410018.41,10 March 1999, United States of America
297,Ciner Resources LP,,Industrial,$43665957.57,2 April 2012,United States of America/
298,Franklin Covey Company,,Computers,$86605044.25,5 February 1996,SOUTH AFRICA
299,"Euronet Worldwide, Inc.",,Health,$76733762.90,2 February 2005,South Africa/
300,"Viking Therapeutics, Inc.",lrupke8b@techcrunch.com,Jewelry,$74800439.59,13 August 2000,United Kingdom/
301,Arch Capital Group Ltd.,jarran8c@admin.ch,Tools,$64061519.97,23 July 1999,UNITED KINGDOM
302,South State Corporation,,Outdoors,$21832651.07,27 January 1993,United Kingdom 
303,Monotype Imaging Holdings Inc.,,Shoes,$83036573.09,21 April 2013,South Africa/
304,"HFF, Inc.",cmckeney8f@eventbrite.com,Games,$33164032.35,5 May 1994,united states
305,"Jounce Therapeutics, Inc.",,Tools,$75432344.88,26 September 1995,united kingdom
306,Bank of America Corporation,qfotherby8h@whitehouse.gov,Movies,$63909544.62,15 August 2002,United Kingdom/
307,Unico American Corporation,,,$53265907.45,2 May 1994,United States of America/
308,First Internet Bancorp,ckaret8j@etsy.com,Health,$62626848.64,9 May 2003,United Kingdom
309,Mobile TeleSystems OJSC,,Outdoors,$55107648.52,13 June 1996,South Africa.
310,"Spirit Realty Capital, Inc.",bfulham8l@census.gov,Movies,$83383020.78,2 June 1988,United Kingdom.
311,3D Systems Corporation,,Jewelry,$57428327.05,7 February 1995,UNITED KINGDOM
312,Tennessee Valley Authority,,Shoes,$51518536.03,16 January 1997, South Africa
313,Microchip Technology Incorporated,,Shoes,$58605715.07,20 October 2001,United States of America
314,Semtech Corporation,,Health,$53853258.11,9 December 2010,UNITED STATES
315,"Aemetis, Inc",,Outdoors,$43377228.43,15 February 2001,UNITED KINGDOM
316,"Lexicon Pharmaceuticals, Inc.",,,$52352073.31,24 July 2005,United States of America.
317,Brixmor Property Group Inc.,,Computers,$45168953.12,8 June 2007,United Kingdom/
318,Gladstone Commercial Corporation,wrogers8t@unesco.org,Automotive,$77747734.05,10 March 1988,UK/
319,Belmond Ltd.,,Home,$20867127.12,19 August 1999,United States
320,"EastGroup Properties, Inc.",hiannazzi8v@ask.com,Home,$44636687.53,6 May 2008,UNITED STATES
321,Dynatronics Corporation,pbarthot8w@nature.com,Home,$34463473.90,17 October 1991,UK/
322,"Eleven Biotherapeutics, Inc.",jrambadt8x@ebay.co.uk,Electronics,$43943571.43,25 August 2004, South Africa
323,"Virtu Financial, Inc.",bkennion8y@timesonline.co.uk,Home,$24827655.34,9 March 2005, UK
324,Cabot Microelectronics Corporation,,Games,$4881195.82,7 September 1988,united states of america
325,Gladstone Investment Corporation,,Shoes,$19933912.46,15 December 2011,united states of america
326,Internap Corporation,,Music,$5784490.01,18 January 2000,United States.
327,"THL Credit, Inc.",ependergrast92@newyorker.com,Toys,$36378835.83,21 August 1998,UK/
328,Ramco-Gershenson Properties Trust,ekewzick93@imdb.com,Health,$74813585.49,25 July 1993,South Africa/
329,"CoStar Group, Inc.",,Electronics,$6800811.25,10 June 1992,UK.
330,Oxford Immunotec Global PLC,glamond95@themeforest.net,Computers,$55792920.28,23 May 2008,United Kingdom
331,Euroseas Ltd.,kbirdis96@goo.gl,Games,$94297519.86,24 February 2004,United States of America/
332,Anchor Bancorp,,Kids,$42191630.16,14 January 1995,South Africa/
333,Cathay General Bancorp,,Movies,$2860608.38,14 January 2009,United States of America.
334,Gladstone Commercial Corporation,,Games,$36801484.55,8 July 1996,uk
335,"Archrock Partners, L.P.",rpaolone9a@bbb.org,Garden,$69153558.01,20 April 1989,United States of America 
336,"NantKwest, Inc.",,Shoes,$72474431.32,6 July 2004,South Africa 
337,WisdomTree Emerging Markets Corporate Bond Fund,,Music,$51335581.09,20 October 2002,UNITED STATES OF AMERICA
338,Assured Guaranty Ltd.,jmaccrie9d@hubpages.com,Outdoors,$48254103.47,24 July 1994,United States of America/
339,Quest Resource Holding Corporation.,mweatherill9e@fotki.com,Computers,$80517867.67,9 January 2011,UK/
340,"BankUnited, Inc.",mbamlett9f@jalbum.net,Games,$76352778.44,19 October 2006, South Africa
341,Franco-Nevada Corporation,,Movies,$53620653.62,1 December 2003,United States of America 
342,Fang Holdings Limited,ldesorts9h@theatlantic.com,Industrial,$95632107.33,1 December 2003,South Africa/
343,Urstadt Biddle Properties Inc.,,Computers,$67307275.59,4 March 1986,united states of america
344,Validea Market Legends ETF,,Industrial,$41200857.86,14 November 2002,United Kingdom/
345,"KMG Chemicals, Inc.",,Music,$47767315.32,26 June 1995,United States
346,"America Movil, S.A.B. de C.V.",kberi9l@howstuffworks.com,Baby,$55459846.70,19 May 1979, United States of America
347,"Bridgepoint Education, Inc.",,Baby,$84766272.58,20 June 1996,UK
348,iStar Financial Inc.,,Toys,$47420832.54,3 September 1996,UK/
349,Bristol-Myers Squibb Company,lphilipsen9o@addthis.com,,$43693391.96,26 June 2011,SOUTH AFRICA
350,Abbott Laboratories,,Games,$8582829.93,23 December 2002,United States
351,PowerShares DWA Consumer Cyclicals Momentum Portfolio,lhanselmann9q@archive.org,Books,$99724824.84,27 February 2001,UK/
352,"Morgan Stanley Emerging Markets Debt Fund, Inc.",,Baby,$10711895.07,20 February 1999,United States 
353,Center Coast MLP & Infrastructure Fund,,Grocery,$67202226.04,27 May 1997,SOUTH AFRICA
354,"CoreLogic, Inc.",ssollam9t@spotify.com,,$27268360.76,24 January 2009,United States of America
355,"Determine, Inc. ",,Shoes,$94498247.28,11 February 2003,united states
356,Morgan Stanley,,Outdoors,$76549550.49,15 February 1987,SOUTH AFRICA
357,Peabody Energy Corporation,,Shoes,$90567885.67,2 January 1993,South Africa
358,Walt Disney Company (The),djacombs9x@bluehost.com,Garden,$2743540.48,1 September 1999, United States of America
359,"Ares Dynamic Credit Allocation Fund, Inc.",,Music,$6977538.73,8 February 2012,UK/
360,Innospec Inc.,,Kids,$67586090.47,4 January 2010,United States.
361,"PS Business Parks, Inc.",,Beauty,$39772292.74,10 April 2008,South Africa
362,"Sonic Foundry, Inc.",ydurbera1@posterous.com,Automotive,$54563064.26,17 June 1988,UK
363,"Sabra Healthcare REIT, Inc.",,Music,$432300.67,27 November 2006,United Kingdom/
364,Arch Capital Group Ltd.,,Games,$91869140.82,15 April 1993,United States of America 
365,STRATS Trust,dgartona4@storify.com,Games,$39538825.39,21 May 1987,United Kingdom 
366,"Teladoc, Inc.",,Baby,$47441517.50,5 December 2005,UK.
367,Hanmi Financial Corporation,,Garden,$83852091.39,3 January 1994,South Africa
368,"Under Armour, Inc.",,Home,$67950481.35,18 December 2010,United States
369,FlexShares US Quality Large Cap Index Fund,,Clothing,$87484694.40,24 October 1993,South Africa
370,Navient Corporation,wgrimmera9@home.pl,Automotive,$20007131.08,4 April 2011,United Kingdom
371,CyberArk Software Ltd.,amawtusaa@nature.com,Movies,$63948129.39,1 March 2006,United Kingdom/
372,"Badger Meter, Inc.",,Industrial,$62502777.69,10 July 2001,United Kingdom 
373,Citigroup Inc.,,Baby,$46334843.90,20 April 2008,United States/
374,"Versartis, Inc.",,Health,$48754395.04,4 May 1986, United States
375,Invitae Corporation,,Health,$2385987.81,13 October 2013,United Kingdom.
376,Thomson Reuters Corp,smadreaf@jigsy.com,Shoes,$51547468.95,3 September 2008,united states
377,BlackRock Credit Allocation Income Trust,,Electronics,$19430942.93,20 September 1986,United Kingdom/
378,ENGlobal Corporation,,Jewelry,$39426002.39,15 April 2004,UNITED STATES
379,Prudential Public Limited Company,sfaggai@un.org,Health,$8899682.01,27 July 2009,South Africa
380,"Stag Industrial, Inc.",,Automotive,$96231012.11,22 June 2012,United States/
381,Omega Protein Corporation,,Music,$1254974.99,20 January 2002,United States.
382,"Yatra Online, Inc.",,Music,$53337613.23,15 August 2005,SOUTH AFRICA
383,Newfield Exploration Company,lcrispinam@ft.com,Electronics,$60988323.08,17 January 2003,United Kingdom
384,"Dime Community Bancshares, Inc.",,Tools,$34550715.23,24 January 2002,UNITED STATES
385,"The Habit Restaurants, Inc.",,Outdoors,$67090265.09,4 February 2011,SOUTH AFRICA
386,iStar Financial Inc.,,Tools,$90913925.87,7 September 2007, United States of America
387,Westport Fuel Systems Inc,sbaileaq@dmoz.org,Movies,$24506673.97,3 March 2009,south africa
388,Capital One Financial Corporation,,Music,$96324950.45,17 October 2008,United States
389,"Alliance One International, Inc.",lavonas@elpais.com,Computers,$67605258.34,8 June 2007,united kingdom
390,Nuveen AMT-Free Municipal Value Fund,,Clothing,$13651757.37,21 December 2005, United Kingdom
391,"Intercept Pharmaceuticals, Inc.",cpaulinau@ihg.com,Grocery,$63929559.51,4 February 1996,United Kingdom
392,Akari Therapeutics Plc,,Outdoors,$56914044.09,20 March 1997,United States.
393,500.com Limited,,Shoes,$29681328.65,6 February 2009,UNITED STATES OF AMERICA
394,"VeriSign, Inc.",,Shoes,$26493800.30,12 June 2001,South Africa.
395,Silver Run Acquisition Corporation II,,Computers,$58529265.04,12 January 1996, United States of America
396,"CEVA, Inc.",crackhamaz@uol.com.br,Outdoors,$73581982.02,24 April 1998,United Kingdom.
397,Colgate-Palmolive Company,,Electronics,$56683211.07,24 March 2009,united kingdom
398,"DXP Enterprises, Inc.",,Garden,$90905400.51,16 November 2012, South Africa
399,"Gilead Sciences, Inc.",cconstantb2@cdbaby.com,Beauty,$85257269.02,10 May 2011,UNITED KINGDOM
400,"Freeport-McMoran, Inc.",eproomb3@google.ru,Kids,$990770.32,27 November 1979,South Africa
401,"ABAXIS, Inc.",bniceb4@wikimedia.org,Health,$89050088.78,20 March 2003,United Kingdom/
402,Hess Corporation,,Electronics,$97791907.02,8 September 2011,United States
403,"Sigma Labs, Inc.",,Garden,$81931559.97,22 July 1993,UNITED STATES OF AMERICA
404,Blackrock Muni New York Intermediate Duration Fund Inc,,Games,$83584004.94,8 September 2010,UK.
405,BB&T Corporation,,Baby,$42144698.02,19 December 2010, UK
406,"Hartford Financial Services Group, Inc. (The)",mpriggb9@theatlantic.com,Garden,$37333038.58,24 September 2002,UK/
407,Novanta Inc.,flabernba@sina.com.cn,Kids,$27104361.17,17 August 1999,UNITED STATES OF AMERICA
408,"GTT Communications, Inc.",,Movies,$82216383.24,18 August 2009,United Kingdom 
409,"Identiv, Inc.",jstairsbc@jalbum.net,Grocery,$84127848.79,16 December 2007,United Kingdom 
410,First Trust Nasdaq Bank ETF,,Industrial,$59140844.44,14 May 1992,UNITED STATES
411,"Sun Communities, Inc.",,Clothing,$76243188.51,2 October 1998,united kingdom
412,"Autoliv, Inc.",jjanikowskibf@upenn.edu,Games,$82614516.67,16 April 1997,United States of America/
413,Peregrine Pharmaceuticals Inc.,,Electronics,$85606001.41,23 November 2012,South Africa
414,Gazit-Globe Ltd.,pchampneybh@examiner.com,Beauty,$39350686.88,8 February 2010, South Africa
415,Crawford & Company,tcassiebi@gov.uk,,$17634383.17,2 December 1955,United Kingdom/
416,First Trust RiverFront Dynamic Asia Pacific ETF,,Electronics,$81540278.86,9 December 2000,uk
417,Petroquest Energy Inc,krenisonbk@google.it,Automotive,$22376665.50,7 May 2004,SOUTH AFRICA
418,Visteon Corporation,,Toys,$72521232.31,8 January 1998, UK
419,Severn Bancorp Inc,senderlebm@stanford.edu,Baby,$63712482.78,3 January 2010,United States.
420,Ryerson Holding Corporation,,Industrial,$86246464.11,15 March 2004,United States/
421,"Citizens Community Bancorp, Inc.",bmelodybo@mtv.com,Books,$81928069.85,23 February 1988,United States of America.
422,Nuveen Credit Opportunities 2022 Target Term Fund,,Electronics,$35573309.87,25 June 2005,United States/
423,SodaStream International Ltd.,,Kids,$92344214.07,7 February 2011,SOUTH AFRICA
424,Arrow DWA Tactical ETF,ddewburybr@springer.com,Movies,$55999156.12,25 August 2010,United States of America
425,"Oncobiologics, Inc.",flamplughbs@seattletimes.com,Movies,$63617297.65,21 August 1986,United States of America.
426,Central European Media Enterprises Ltd.,,Games,$72480258.52,15 April 2006, UK
427,"Teradyne, Inc.",svinterbu@etsy.com,Outdoors,$36033927.24,4 September 1985,united states of america
428,CafePress Inc.,cmitkovbv@cmu.edu,Grocery,$39817211.48,25 April 2004,SOUTH AFRICA
429,"J. Jill, Inc.",ccleavesbw@skyrock.com,Garden,$15667776.83,20 April 2012,South Africa 
430,Matlin & Partners Acquisition Corporation,dwaddellbx@oaic.gov.au,Home,$92281411.45,8 November 1994,UK
431,STRATS Trust,bhansfordby@npr.org,Home,$70733735.23,15 July 1991, UK
432,"Leidos Holdings, Inc.",,Music,$80610031.56,21 July 2007,South Africa
433,First Trust Emerging Markets Local Currency Bond ETF,,Music,$41617429.15,22 June 2003,United States/
434,Cytori Therapeutics Inc,,Home,$81765101.86,24 July 1994,United States of America
435,"Inovalon Holdings, Inc.",djoec2@patch.com,Music,$58626972.96,10 August 2012,South Africa
436,Loncar Cancer Immunotherapy ETF,rguerrac3@paypal.com,Health,$73288225.94,16 February 2006,south africa
437,Ivy High Income Opportunities Fund,abeateyc4@google.co.uk,Baby,$24602681.13,5 December 2002,SOUTH AFRICA
438,"Flexion Therapeutics, Inc.",,Clothing,$85929355.01,12 August 1993,UK
439,"Dycom Industries, Inc.",lalanc6@youtube.com,Toys,$22680767.78,19 March 1997,SOUTH AFRICA
440,"Manhattan Bridge Capital, Inc",gantonichc7@github.com,Tools,$73914356.13,1 April 2008,United Kingdom.
441,Black Hills Corporation,,Clothing,$86628547.85,5 September 2008,United Kingdom
442,Tractor Supply Company,conionsc9@newsvine.com,Garden,$4932150.74,9 August 1992,United Kingdom.
443,Zynga Inc.,jesherwoodca@reference.com,Home,$68278866.04,10 September 2009,UK.
444,"BofI Holding, Inc.",,Electronics,$24821516.95,3 August 1993,UK.
445,"Ballard Power Systems, Inc.",,Games,$42150233.56,10 October 2013,UNITED STATES
446,Severn Bancorp Inc,lbuckleycd@github.com,Outdoors,$26415974.61,23 April 1997,uk
447,"Entergy Arkansas, Inc.",abarkece@nih.gov,Baby,$49841739.91,27 March 2012,UK
448,"DSP Group, Inc.",ztrethowancf@blinklist.com,Games,$35803334.12,10 September 2009,UK
449,"Ardelyx, Inc.",ksterleycg@so-net.ne.jp,Kids,$28583474.36,19 February 2001,UK
450,Autohome Inc.,eoxborrowch@google.it,Movies,$9260392.95,1 August 1998,UK 
451,Helen of Troy Limited,swhitelockci@t-online.de,Sports,$51201193.50,9 August 1994,United States of America
452,iPath US Treasury 2-year Bear ETN,sschoenfischcj@ifeng.com,Electronics,$46454837.66,14 February 2009,UK
453,Seadrill Limited,rsaccock@indiegogo.com,Jewelry,$99684443.71,7 August 2009,united kingdom
454,The9 Limited,,Garden,$82532957.06,25 January 2007,United States of America
455,"Union Bankshares, Inc.",wmeiklejohncm@purevolume.com,Music,$1687659.65,9 March 2011,United States of America 
456,"Sandy Spring Bancorp, Inc.",,Home,$31560745.61,1 June 1984,United States of America.
457,Polaris Industries Inc.,mrickasseco@opensource.org,Music,$70267468.55,23 November 2001, United States
458,EnteroMedics Inc.,,Shoes,$30381657.10,25 January 1993,United States of America/
459,Regency Centers Corporation,,Clothing,$36821779.84,15 December 2003,United States/
460,Voya Emerging Markets High Income Dividend Equity Fund,clunacr@uol.com.br,Health,$84444767.63,6 March 1993,United States
461,"Meritor, Inc.",,,$66660288.69,4 May 1986,UNITED KINGDOM
462,Vanguard Short-Term Corporate Bond ETF,wridolfoct@multiply.com,Outdoors,$63246837.45,20 March 2007,South Africa 
463,Cousins Properties Incorporated,,Movies,$78845980.06,14 September 2009,UK/
464,"Aeglea BioTherapeutics, Inc.",,Games,$44955720.21,23 April 2005,United Kingdom
465,"SMART Global Holdings, Inc.",,Grocery,$55795892.46,21 March 1990,UK 
466,Duff & Phelps Select Energy MLP Fund Inc.,,Automotive,$49993456.97,23 August 2007,united states of america
467,"Fogo de Chao, Inc.",,Beauty,$11680728.11,5 April 1986, United States of America
468,Greif Bros. Corporation,,Electronics,$52987233.50,15 March 2003, United Kingdom
469,"Duff & Phelps Utilities Income, Inc.",ppenvarned0@arizona.edu,Movies,$31111822.54,13 November 2008,United Kingdom.
470,"CGI Group, Inc.",,Tools,$25161615.95,10 March 1994,united states of america
471,Valley National Bancorp,epottelld2@psu.edu,Health,$94499303.10,14 November 1992,UK
472,"Rexford Industrial Realty, Inc.",,Grocery,$71765202.63,23 November 2003,South Africa/
473,DRDGOLD Limited,dcunninghamd4@icq.com,Grocery,$90094318.13,15 January 2010,UK
474,"Continental Resources, Inc.",,Toys,$22584604.03,3 January 2010,United Kingdom.
475,Pointer Telocation Ltd.,,Kids,$31485544.02,14 October 1996,United Kingdom/
476,Atento S.A.,,Outdoors,$14339952.15,21 November 1993,United States
477,National General Holdings Corp,,Shoes,$25432217.48,2 June 2002, UK
478,"Franklin Resources, Inc.",,Health,$72547397.77,12 November 2006,united kingdom
479,"Penumbra, Inc.",,Shoes,$95564502.11,12 January 2012,South Africa/
480,Elkhorn Commodity Rotation Strategy ETF,,Tools,$8066234.49,8 May 1992,UNITED STATES
481,"Luxoft Holding, Inc.",tdecroixdc@whitehouse.gov,Books,$43895941.02,12 February 2004,UK 
482,Monster Beverage Corporation,,Toys,$91086841.21,10 July 1993,United States of America.
483,"Civista Bancshares, Inc. ",jmandrierde@dailymotion.com,Toys,$21823198.87,13 June 2001,South Africa
484,Nuveen Credit Opportunities 2022 Target Term Fund,zmauserdf@istockphoto.com,Toys,$90969435.66,1 November 1961,UK 
485,RH,ggiuriodg@oaic.gov.au,Industrial,$78273152.34,1 February 1994,UNITED STATES OF AMERICA
486,Terreno Realty Corporation,,Movies,$818576.98,16 April 1987, United Kingdom
487,"Hartford Financial Services Group, Inc. (The)",gmaddrelldi@amazon.co.jp,,$46899085.23,1 December 1999,UNITED STATES
488,"SGOCO Group, Ltd",,Grocery,$33104749.15,16 March 1997,united states
489,Hallador Energy Company,paronstamdk@cbc.ca,Games,$57519417.04,5 April 2012,United States of America
490,"Mota Group, Inc.",,Automotive,$27520478.04,14 January 2006, South Africa
491,Sunrun Inc.,,Clothing,$8437652.21,20 May 2006,South Africa 
492,Abeona Therapeutics Inc.,,Shoes,$73949253.64,24 December 2012,United States
493,Medovex Corp.,,Electronics,$60505250.98,23 November 2007,United States of America
494,"Points International, Ltd.",jadnetdp@bizjournals.com,Health,$88990837.32,1 June 2011,UK 
495,"Bellicum Pharmaceuticals, Inc.",,Home,$60609967.62,23 April 1992,united states
496,"NantKwest, Inc.",,Shoes,$65053580.42,21 October 2001,United States of America.
497,Comp En De Mn Cemig ADS,cmckinlessds@posterous.com,Beauty,$56126615.67,23 May 1994,UK/
498,"Aware, Inc.",,Industrial,$3265105.35,18 July 1989,UK/
499,iShares Morningstar Mid-Cap ETF,,Computers,$58852571.71,10 January 2009,UK
500,"Sequential Brands Group, Inc.",,Books,$45076926.88,27 November 2009,South Africa 
501,"Retrophin, Inc.",dricharsondw@shareasale.com,Books,$62242104.36,3 November 2005,United States/
502,"SunOpta, Inc.",kinchbalddx@friendfeed.com,Baby,$1248670.38,4 June 2013, United States of America
503,Ion Geophysical Corporation,sjanneydy@sitemeter.com,Books,$6978303.54,27 May 1996,United States of America
504,B Communications Ltd.,gpashleydz@odnoklassniki.ru,Garden,$2188777.78,6 January 1985,South Africa
505,Costamare Inc.,,Health,$87084707.70,25 January 2012, South Africa
506,"HMN Financial, Inc.",facklande1@w3.org,Jewelry,$63460851.80,8 March 2011,South Africa/
507,"Spirit Aerosystems Holdings, Inc.",hamblere2@google.it,Toys,$16052906.94,8 February 2009, United States
508,"Advanced Drainage Systems, Inc.",cpolkinhorne3@tripod.com,Books,$84397976.14,12 October 1999,United States of America.
509,"Energizer Holdings, Inc.",,Books,$86943014.30,6 April 1999,south africa
510,Univar Inc.,,Movies,$87444364.18,10 November 1995,UNITED STATES
511,"FleetCor Technologies, Inc.",,Baby,$46086095.35,6 February 1999,United States of America 
512,China Distance Education Holdings Limited,,Health,$42312729.49,15 April 1986,UNITED STATES OF AMERICA
513,Alliance World Dollar Government Fund II,,Computers,$49156402.87,8 December 2010,UK.
514,Flaherty & Crumrine Preferred Income Opportunity Fund Inc,svonoertzene9@illinois.edu,Home,$14658818.55,25 August 1995,UNITED STATES
515,"Aware, Inc.",mheinleinea@usnews.com,Music,$96453644.49,7 December 2002,SOUTH AFRICA
516,"FBL Financial Group, Inc.",,Movies,$55128045.62,14 January 1992,SOUTH AFRICA
517,Northwest Natural Gas Company,,Clothing,$23085865.87,3 April 2009,United Kingdom 
518,"MFA Financial, Inc.",,Sports,$98088260.11,18 September 2000,United States of America 
519,"J. W. Mays, Inc.",vhurworthee@ocn.ne.jp,Kids,$93482777.26,11 November 2011,UK.
520,"Mota Group, Inc.",,Games,$37809654.82,2 February 2002,United States 
521,First Trust Enhanced Short Maturity ETF,crobbeneg@deviantart.com,Sports,$38719213.88,4 June 2003,UK
522,BRF S.A.,,Music,$47250413.30,7 October 2005,South Africa.
523,Navios Maritime Midstream Partners LP,emulvaghei@weather.com,Garden,$9323069.30,22 June 1992,South Africa 
524,Northwest Pipe Company,lcastelijnej@noaa.gov,Electronics,$41479197.24,1 March 2010,UK/
525,"Agios Pharmaceuticals, Inc.",,Computers,$55072469.93,17 March 2005,United States of America 
526,Aetna Inc.,,Garden,$73267363.93,17 February 2008,United States
527,"One Liberty Properties, Inc.",,Books,$94485932.05,12 June 2006,UK
528,"Avangrid, Inc.",,Baby,$41396357.38,22 May 1986,South Africa.
529,Zions Bancorporation,,Grocery,$71060008.83,7 January 1998,UK
530,"Plantronics, Inc.",nbembrickep@angelfire.com,Clothing,$16202928.67,5 February 1990,South Africa.
531,"Bassett Furniture Industries, Incorporated",,Games,$32516901.46,9 September 2000, United States
532,John Hancock Investors Trust,,Beauty,$30499525.33,27 April 2009, United Kingdom
533,Alphabet Inc.,kflecknelles@yandex.ru,Outdoors,$58694511.51,1 January 2006,United States of America/
534,Yangtze River Development Limited,lmargramet@wikispaces.com,Electronics,$49155108.68,16 September 1993,United States of America.
535,Abeona Therapeutics Inc.,nmordineu@bigcartel.com,Baby,$9541913.26,15 March 1992, United Kingdom
536,"Web.com Group, Inc.",,Computers,$98721845.06,14 April 2003,United States of America
537,MSA Safety Incorporporated,zfollanew@wired.com,,$68120165.99,1 January 1995,United States 
538,Leaf Group Ltd.,,Beauty,$28045318.14,11 August 1997,South Africa 
539,First Trust SSI Strategic Convertible Securities ETF,,Home,$94838333.87,7 December 2007,UNITED STATES
540,"Diversified Restaurant Holdings, Inc.",,Games,$45352963.12,16 December 2005,UNITED STATES OF AMERICA
541,"China Biologic Products, Inc.",aenochssonf0@usnews.com,,$5486512.74,17 June 1985,UNITED STATES
542,"Penumbra, Inc.",,Games,$42803202.25,13 October 2004,South Africa/
543,Brookfield DTLA Inc.,,Health,$45464145.37,1 May 2002,UK
544,Mercury Systems Inc,,Shoes,$45713786.18,14 August 2007,United States of America
545,Vanguard Short-Term Inflation-Protected Securities Index Fund,,Industrial,$86329237.68,17 October 1992,south africa
546,Morgan Stanley,agarrf5@usnews.com,Health,$19821689.09,21 July 2008,UK.
547,"Timberland Bancorp, Inc.",gguestf6@wikimedia.org,Home,$4128451.79,20 November 2000,United States
548,Forum Merger Corporation,,Health,$6738658.77,17 June 2008, United States
549,Internet Gold Golden Lines Ltd.,acushf8@blogger.com,Games,$26787447.78,16 November 2002,united states
550,B.O.S. Better Online Solutions,,Clothing,$3324226.64,18 June 2008,United States of America/
551,"ClubCorp Holdings, Inc.",,Music,$61068304.95,2 September 1994,UK
552,Cabot Corporation,,Garden,$22969240.19,10 October 2008,united states of america
553,Procter & Gamble Company (The),,Jewelry,$94265739.38,9 November 2006,UNITED KINGDOM
554,"Poage Bankshares, Inc.",kfranekfd@ycombinator.com,Outdoors,$7978306.82,25 January 2002,South Africa.
555,"Ever-Glory International Group, Inc.",,Electronics,$53419275.17,25 July 1992,UNITED KINGDOM
556,"NextEra Energy, Inc.",,Industrial,$60398835.53,26 December 1990,UK
557,Terreno Realty Corporation,,Baby,$17061957.01,24 August 1986,United States.
558,"Core-Mark Holding Company, Inc.",disoldifh@imdb.com,Tools,$10616665.82,9 April 1993,South Africa/
559,"Hortonworks, Inc.",,Tools,$66767251.58,13 May 2011,United Kingdom 
560,"Caladrius Biosciences, Inc.",,Movies,$68859713.32,25 September 1993,United Kingdom/
561,NGL ENERGY PARTNERS LP,afossefk@goodreads.com,Shoes,$48335174.17,20 October 2003,South Africa 
562,The Spectranetics Corporation,,Baby,$51742731.00,4 May 2009,UNITED STATES OF AMERICA
563,"Mid-America Apartment Communities, Inc.",grainvillefm@dot.gov,,$54111634.40,7 October 2007,UK 
564,"Big Lots, Inc.",ldimanchefn@hugedomains.com,,$74759916.06,17 July 2003,south africa
565,Perrigo Company,cellicottfo@blogtalkradio.com,Grocery,$59613132.58,3 October 2003,south africa
566,Manulife Financial Corp,zpartonfp@is.gd,Toys,$95677722.19,8 February 2007,UNITED STATES
567,NQ Mobile Inc.,,Tools,$67018348.37,19 August 2003,United States of America
568,"Blackrock MuniYield California Insured Fund, Inc.",,,$1173601.40,18 January 2004, United States
569,"Invuity, Inc.",dscanefs@go.com,Industrial,$45212715.68,9 August 2007,UK
570,"ChemoCentryx, Inc.",,Beauty,$30468068.89,16 June 1997, UK
571,"Centennial Resource Development, Inc.",,Garden,$24004618.43,4 April 2005,South Africa 
572,"PayPal Holdings, Inc.",nruburyfv@networksolutions.com,Books,$97368462.31,10 September 1980,UK/
573,VCA Inc. ,frollofw@nyu.edu,Electronics,$95556635.70,14 June 2010,United States of America.
574,Viavi Solutions Inc.,,Tools,$67358721.47,13 February 1991,united kingdom
575,Kearny Financial,ckleinmintzfy@qq.com,Garden,$27601482.83,26 June 2005,UK/
576,Natl Westminster Pfd,,Computers,$1171441.63,8 June 2005,United Kingdom 
577,"Colony Bankcorp, Inc.",dchesherg0@google.co.uk,Games,$98538144.41,6 July 2004,United States of America 
578,"Green Brick Partners, Inc.",,Kids,$79533528.16,26 February 1984, United States
579,Ducommun Incorporated,,Computers,$49413368.58,14 June 1994,United States of America
580,AU Optronics Corp,,Kids,$73500349.22,18 December 2007,United States of America.
581,Newtek Business Services Corp.,,Grocery,$49011256.61,20 April 1996, United Kingdom
582,Banco Bradesco Sa,ccellig5@cafepress.com,Automotive,$18195567.09,14 February 2010,UNITED STATES OF AMERICA
583,"CBIZ, Inc.",,Movies,$57415915.53,19 July 2009,United Kingdom 
584,"CoreCivic, Inc.",hboddiceg7@shareasale.com,Shoes,$36840104.25,16 April 2009,South Africa.
585,"SolarEdge Technologies, Inc.",amcguffieg8@census.gov,Beauty,$11195059.91,19 July 2009,uk
586,Gladstone Commercial Corporation,cbernardellig9@123-reg.co.uk,Toys,$54309369.24,7 September 2002,United States of America
587,"Comfort Systems USA, Inc.",,Music,$1639844.32,25 July 2011,South Africa 
588,"Soleno Therapeutics, Inc.",,Beauty,$77341140.69,20 December 2004,united kingdom
589,Bank of the Ozarks,,Games,$20046414.42,13 September 2002,South Africa
590,"SilverSun Technologies, Inc.",,Shoes,$43490983.14,14 October 2012,UNITED STATES
591,Voya Asia Pacific High Dividend Equity Income Fund,,Baby,$61451107.00,7 September 1997,United States of America/
592,"Goldman Sachs Group, Inc. (The)",,Toys,$22960181.87,25 November 2004,United States 
593,"Aerohive Networks, Inc.",,Toys,$31534215.29,24 October 1993,SOUTH AFRICA
594,"Trupanion, Inc.",,Jewelry,$27033829.13,12 March 1998,United Kingdom.
595,"Texas Capital Bancshares, Inc.",,Industrial,$77265744.42,2 July 1995,United States.
596,"Caleres, Inc.",,Kids,$95826679.22,12 December 2002,South Africa
597,Jewett-Cameron Trading Company,bcahillanegk@berkeley.edu,Toys,$68369041.28,7 August 2008,South Africa/
598,MediWound Ltd.,,Computers,$92397143.06,20 January 2000,united kingdom
599,Adamis Pharmaceuticals Corporation,kaisbettgm@state.tx.us,Grocery,$5297486.30,16 December 2001, South Africa
600,RAIT Financial Trust,ddytegn@elegantthemes.com,Books,$51098612.08,8 May 1995,UK
601,"Pioneer Power Solutions, Inc.",cbillsberrygo@github.io,Computers,$9056715.24,4 August 2006,UK.
602,"The Meet Group, Inc.",fandrejevicgp@tmall.com,Books,$15357900.49,19 September 2000,SOUTH AFRICA
603,Cenveo Inc,,Health,$29172781.87,16 September 1990, South Africa
604,RAIT Financial Trust,,Grocery,$79969332.99,11 March 2009,UK/
605,Nuveen Credit Opportunities 2022 Target Term Fund,,Computers,$86575786.23,12 January 2005,United Kingdom
606,"Euronet Worldwide, Inc.",kramsteadgt@merriam-webster.com,Kids,$27186846.62,10 February 2010,United States/
607,Chemical Financial Corporation,bswindengu@cargocollective.com,Kids,$49330594.20,1 October 2010,United States 
608,Envision Healthcare Corporation,,Tools,$54748318.18,12 July 2012,UK/
609,"Customers Bancorp, Inc",,Movies,$48728478.91,18 November 2011,United States of America
610,J P Morgan Chase & Co,hpellergx@weibo.com,Jewelry,$80503800.84,18 January 1994,South Africa 
611,PowerShares S&P SmallCap Financials Portfolio,vgallegosgy@addtoany.com,Shoes,$13099915.74,24 August 1996,South Africa
612,Cone Midstream Partners LP,iivshingz@nydailynews.com,Games,$72208967.35,22 June 2010, United States of America
613,First United Corporation,,Games,$78275774.55,25 November 2006,south africa
614,"Cullen/Frost Bankers, Inc.",gdeatonh1@shinystat.com,Kids,$69653720.82,11 July 1995, United Kingdom
615,"HomeStreet, Inc.",,Games,$12111889.17,5 December 2003,United States of America
616,"Roper Technologies, Inc.",mdavidaih3@hud.gov,Home,$31590427.55,18 April 2011,UNITED KINGDOM
617,Nuveen California AMT-Free Quality Municipal Income Fund,ctwycrossh4@e-recht24.de,Outdoors,$17920457.60,16 September 2007, UK
618,Geron Corporation,,Beauty,$50457011.25,1 February 2012,UK
619,"TechTarget, Inc.",,Kids,$17920526.84,24 September 1994,United Kingdom.
620,"NN, Inc.",,Automotive,$45588265.84,15 November 1985,UK
621,"Argos Therapeutics, Inc.",,Outdoors,$22042376.65,18 September 1995,united kingdom
622,Voya Global Equity Dividend and Premium Opportunity Fund,,Beauty,$38871870.65,7 May 2008,united kingdom
623,Milacron Holdings Corp.,,Beauty,$2442969.24,19 March 1988,uk
624,"Greenlight Reinsurance, Ltd.",nshanahanhb@yahoo.co.jp,Books,$20855777.90,6 June 2009,UK
625,YY Inc.,rmaletratthc@sourceforge.net,Baby,$50910485.64,24 April 2004,United Kingdom 
626,"Gabelli Convertible and Income Securities Fund, Inc. (The)",,Automotive,$82661570.27,17 January 1994,UNITED STATES OF AMERICA
627,First Trust MLP and Energy Income Fund,ttatershallhe@sfgate.com,Music,$97407247.94,19 June 2005,United States of America 
628,"Recon Technology, Ltd.",gbarriballhf@blogspot.com,Games,$70608365.55,9 January 2011,South Africa/
629,Kansas City Southern,,Kids,$13205536.35,23 March 2009, UK
630,Kansas City Southern,lmassimihh@nasa.gov,Outdoors,$25754365.91,22 January 2012, United Kingdom
631,Deutsche Bank AG,,Garden,$56629549.36,8 July 2007,South Africa 
632,"Juniper Pharmaceuticals, Inc.",,Health,$55278075.26,10 December 2004,UK/
633,"National Bankshares, Inc.",,Health,$31076405.67,17 June 2001,United Kingdom/
634,"Chembio Diagnostics, Inc.",ekennifickhl@foxnews.com,Grocery,$59117612.78,19 April 1991,south africa
635,"Social Reality, Inc.",zhaughtonhm@adobe.com,Grocery,$25278913.71,4 September 2001,UNITED STATES
636,"Sigma Labs, Inc.",ldovingtonhn@ed.gov,Movies,$59074195.55,27 November 1998,United Kingdom
637,Pitney Bowes Inc.,hcysterho@lulu.com,Toys,$31454781.07,9 July 1998,UK/
638,IDEX Corporation,jbraccihp@psu.edu,Home,$224505.51,26 October 2005,united states
639,Western Asset Global Corporate Defined Opportunity Fund Inc.,mhirthehq@gravatar.com,Kids,$75411127.16,9 January 2008,UNITED STATES
640,Bill Barrett Corporation,houtridgehr@bloglovin.com,Health,$48265851.41,11 October 1992, United Kingdom
641,"The Bon-Ton Stores, Inc.",,Sports,$6484000.74,25 December 2001,South Africa 
642,"PCM, Inc.",,Tools,$43730977.02,25 May 1992,South Africa.
643,Empresa Distribuidora Y Comercializadora Norte S.A. (Edenor),,Shoes,$48061653.08,2 December 1984,South Africa.
644,GasLog Partners LP,,Baby,$35006819.85,4 August 2009,South Africa/
645,STRATS Trust,,Automotive,$93675682.93,20 February 1998,uk
646,Agree Realty Corporation,colivohx@purevolume.com,Tools,$69519886.57,7 October 2009,United States of America 
647,ENDRA Life Sciences Inc.,,Home,$51778175.83,8 June 2002,UK/
648,Lsb Industries Inc.,,Baby,$58267075.79,10 November 2006, United Kingdom
649,"Bio-Rad Laboratories, Inc.",esumptoni0@feedburner.com,Jewelry,$40398296.97,15 October 2010,UK
650,Chicago Bridge & Iron Company N.V.,,Beauty,$15221755.57,1 March 1994,UK
651,Berkshire Hathaway Inc.,,Automotive,$61808159.06,27 March 1999,UK
652,"First Cash, Inc.",,Jewelry,$1833779.41,27 October 1994,UNITED STATES
653,B Communications Ltd.,,Industrial,$67606372.64,12 May 2013, UK
654,"Rigel Pharmaceuticals, Inc.",elightwingi5@tuttocitta.it,,$10083918.19,24 November 1994,UK
655,"Sabra Healthcare REIT, Inc.",broji6@kickstarter.com,Games,$66582091.67,18 February 1995,United States
656,Owens Corning Inc,dwozencrofti7@amazon.co.jp,Kids,$12661763.74,12 July 2005,UNITED KINGDOM
657,"Second Sight Medical Products, Inc.",,Tools,$77933928.15,11 September 2008,UK 
658,Seaspan Corporation,,Outdoors,$39166002.09,10 June 1994,United States of America.
659,KNOT Offshore Partners LP,lsonia@printfriendly.com,Outdoors,$52427018.52,3 February 2006,United States of America 
660,"Polar Power, Inc.",,,$95961724.16,6 January 2006,South Africa.
661,AllianzGI Diversified Income & Convertible Fund,,Shoes,$10559764.50,19 September 2005,South Africa 
662,"First US Bancshares, Inc.",dgreensteadid@cnet.com,Beauty,$16169424.13,15 January 2011, United States
663,Tenaris S.A.,,Computers,$35841191.07,6 May 2010,United States of America 
664,Southern Company (The),ebrabantif@stumbleupon.com,,$52714073.41,11 August 2006,South Africa/
665,"Orexigen Therapeutics, Inc.",gbiaggiig@mayoclinic.com,Baby,$76936369.05,9 September 2008,United States/
666,Kansas City Southern,bmenciih@wsj.com,Computers,$63060925.60,3 June 2011,uk
667,Telecom Italia S.P.A.,khitzkeii@php.net,Books,$91903437.30,15 May 1993, UK
668,Waters Corporation,fcantrellij@engadget.com,Toys,$10339708.40,7 January 2005,South Africa 
669,"SiteOne Landscape Supply, Inc.",,Beauty,$99824285.67,5 December 2000,United States/
670,Marathon Oil Corporation,,Health,$52830814.00,19 September 2009, South Africa
671,"FormFactor, Inc.",,Grocery,$22738256.82,16 September 1993,United Kingdom 
672,DCP Midstream LP,,Shoes,$48352837.20,3 November 2011,South Africa/
673,VictoryShares US Large Cap High Div Volatility Wtd ETF,,Books,$60477630.51,3 April 2006, United States
674,Ultra Petroleum Corp.,,Sports,$70833470.05,25 December 1998,United States of America 
675,Protective Life Corporation,,Outdoors,$96711796.24,6 December 2011,UNITED KINGDOM
676,Milacron Holdings Corp.,,Health,$43272675.23,20 July 1996,UNITED KINGDOM
677,"Nature's Sunshine Products, Inc.",bfieldingis@sbwire.com,,$24290508.51,21 April 1997,South Africa.
678,Trans World Entertainment Corp.,zlapidesit@delicious.com,Garden,$84415832.29,27 December 1993,United Kingdom 
679,MS Structured Asset Corp Saturns GE Cap Corp Series 2002-14,,Outdoors,$7424057.79,22 December 2009,United Kingdom 
680,"Identiv, Inc.",mlindleyiv@free.fr,Jewelry,$82761744.81,3 June 1996,South Africa.
681,OUTFRONT Media Inc.,,Kids,$93504450.94,3 May 1998,United Kingdom.
682,"Archrock Partners, L.P.",,Garden,$58181112.58,13 February 2010,United Kingdom.
683,Hillenbrand Inc,,Games,$3658777.75,21 July 2010,SOUTH AFRICA
684,Genpact Limited,,Automotive,$1503757.84,13 February 2009, South Africa
685,Nuveen High Income December 2019 Target Term Fund,byeomanj0@prweb.com,Grocery,$81497824.21,2 April 2011,United States 
686,"Paratek Pharmaceuticals, Inc. ",,Beauty,$82447821.94,5 November 2007,UNITED KINGDOM
687,Barings Corporate Investors,,Garden,$93519381.15,15 March 1999, UK
688,Alere Inc.,,Automotive,$85662399.72,20 August 1995,UNITED STATES OF AMERICA
689,"CAS Medical Systems, Inc.",tfuncheonj4@over-blog.com,Health,$15620839.69,7 October 2007,South Africa 
690,Quotient Limited,,Computers,$7049436.10,5 August 2010, United Kingdom
691,"Global Net Lease, Inc.",dbagottj6@barnesandnoble.com,Toys,$40902426.44,20 April 2005,united states
692,Sanchez Energy Corporation,,Computers,$66092085.11,4 April 2007,uk
693,"Cidara Therapeutics, Inc.",adrewettj8@ebay.com,Grocery,$23145401.90,15 June 1964, South Africa
694,Ardmore Shipping Corporation,llongthornj9@alibaba.com,Kids,$13436532.87,20 October 2003, South Africa
695,"Sprott Focus Trust, Inc.",gbachnicja@europa.eu,Books,$43730826.02,4 January 1988,South Africa/
696,"AquaBounty Technologies, Inc.",,,$70448762.81,13 November 1987,United States of America.
697,Perion Network Ltd,clardierjc@nature.com,Books,$54339893.74,11 April 2008,United States/
698,"Crown Crafts, Inc.",,Baby,$81586432.45,18 November 2006,UNITED STATES OF AMERICA
699,BancFirst Corporation,aparmanje@senate.gov,Toys,$21927226.87,14 December 2004,UK.
700,Washington Prime Group Inc.,rbarrarjf@bloomberg.com,Games,$20296681.32,14 May 2006,uk
701,"Colony NorthStar, Inc.",,Garden,$98701420.10,9 April 1999,United Kingdom 
702,"TPI Composites, Inc.",roldjh@pbs.org,Baby,$5358407.07,3 November 2011,United Kingdom
703,"Soleno Therapeutics, Inc.",lbrinsonji@seattletimes.com,Shoes,$44855197.93,22 November 1990,South Africa/
704,"Williams-Sonoma, Inc.",,Computers,$87085141.33,8 January 2000,UNITED STATES OF AMERICA
705,"Merit Medical Systems, Inc.",,Movies,$45903442.19,27 May 2011,south africa
706,Blackrock MuniYield Pennsylvania Quality Fund,pmatussevichjl@house.gov,Tools,$96050490.52,12 December 2010, UK
707,American Homes 4 Rent,,Books,$74284210.31,26 March 1992,United Kingdom
708,"O'Reilly Automotive, Inc.",,Shoes,$94563194.98,8 August 2007, United States
709,"MS Income Securities, Inc.",wmcilwainejo@gmpg.org,Clothing,$89301484.16,3 July 1998, United States of America
710,Physicians Realty Trust,,Industrial,$87661989.47,15 May 1999,united states of america
711,"TG Therapeutics, Inc.",,Games,$76470041.47,22 August 1997,SOUTH AFRICA
712,First Foundation Inc.,,Garden,$5315250.04,24 September 2000, UK
713,Blackrock MuniYield Pennsylvania Quality Fund,kbulcroftjs@sina.com.cn,Clothing,$92866084.60,19 September 2002,united states
714,Trillium Therapeutics Inc.,,Books,$95454235.25,1 July 2003,united states
715,Abbott Laboratories,nsullerju@w3.org,Outdoors,$5493814.04,21 December 2011,United States of America.
716,Investors Real Estate Trust,kjaunceyjv@drupal.org,Tools,$63112357.13,13 May 2008,UK.
717,"Autoliv, Inc.",,Beauty,$14125110.95,17 June 2008,UNITED STATES OF AMERICA
718,"Diamond Hill Investment Group, Inc.",,Garden,$17575865.36,24 June 1996, United Kingdom
719,"P & F Industries, Inc.",,Outdoors,$30850239.64,10 October 1993,United Kingdom
720,iStar Financial Inc.,,Shoes,$48040569.16,8 February 2011,United Kingdom
721,ENDRA Life Sciences Inc.,rridulfok0@buzzfeed.com,Sports,$58612406.25,11 February 1988,United States
722,ROBO Global Robotics and Automation Index ETF,cstockdalek1@histats.com,Shoes,$2802185.55,16 April 2003,United States of America
723,Blackrock MuniYield Investment QualityFund,,Home,$19921356.04,18 April 2005,United Kingdom.
724,Graham Holdings Company,kcroisierk3@github.io,Baby,$87321630.61,12 March 2008,United States of America
725,"CalAtlantic Group, Inc.",,Baby,$79520758.43,23 May 2005,United Kingdom/
726,"Empire State Realty Trust, Inc.",,Grocery,$62661446.94,19 September 2010,United States 
727,"China Commercial Credit, Inc.",,Automotive,$94100266.73,8 June 1992,UNITED STATES OF AMERICA
728,Caesars Acquisition Company,,,$95632799.40,5 June 2003,UK
729,JetBlue Airways Corporation,,Computers,$90967436.32,12 August 2010,united kingdom
730,"FTI Consulting, Inc.",,Tools,$78800047.00,19 May 2009,United States
731,WisdomTree Western Asset Unconstrained Bond Fund,,Beauty,$88512191.45,9 November 2007,United States.
732,"SORL Auto Parts, Inc.",cgolleykb@bing.com,Clothing,$2327783.09,11 April 2003, South Africa
733,"Provident Bancorp, Inc.",gbrumheadkc@devhub.com,Beauty,$36796357.37,13 August 2001,United States/
734,Norwegian Cruise Line Holdings Ltd.,,Games,$51542694.90,6 July 1984,SOUTH AFRICA
735,"Twenty-First Century Fox, Inc.",,Sports,$3152882.63,16 May 2011,UNITED STATES OF AMERICA
736,"SunOpta, Inc.",,Garden,$91466933.33,26 July 2005, United States of America
737,"NeoGenomics, Inc.",,Clothing,$5666339.92,18 May 2010,South Africa.
738,Baltimore Gas & Electric Company,,Jewelry,$9292193.26,25 March 2012,united kingdom
739,Kayne Anderson Energy Development Company,,Shoes,$8613724.31,1 June 2011,UK/
740,REX American Resources Corporation,,Jewelry,$41175628.30,10 December 1996,united states
741,Janus Henderson Small/Mid Cap Growth Alpha ETF,,Jewelry,$18711457.80,18 May 2008,United States of America/
742,"Spectrum Brands Holdings, Inc.",cberridgekl@ft.com,Outdoors,$79813419.16,5 November 2009,united states of america
743,"Diversified Restaurant Holdings, Inc.",esilcockkm@ftc.gov,Tools,$36287030.10,27 September 1996,UK.
744,"Virtus Investment Partners, Inc.",,Industrial,$78841702.97,9 July 1986,United States/
745,"PriceSmart, Inc.",hgreggko@unesco.org,Music,$89267741.77,2 March 2010,United States 
746,ENSCO plc,,Garden,$55764949.12,14 February 2004,united states of america
747,"Condor Hospitality Trust, Inc.",,Computers,$43321261.30,21 July 2006,United Kingdom
748,Anadarko Petroleum Corporation,,Electronics,$95913702.74,5 August 2011,United Kingdom.
749,iStar Financial Inc.,mninehamks@nasa.gov,Industrial,$59970792.30,12 February 1992,United Kingdom.
750,"Blackrock MuniYield New York Quality Fund, Inc.",dgravestonekt@businessweek.com,Shoes,$37590873.26,13 January 1993,United Kingdom 
751,Marvell Technology Group Ltd.,,Jewelry,$43926351.88,4 December 1997,United States of America.
752,"Ollie's Bargain Outlet Holdings, Inc.",,,$1062786.57,16 August 2005,south africa
753,Invesco Value Municipal Income Trust,,Games,$95952222.53,23 September 2011,United Kingdom
754,"CareTrust REIT, Inc.",sjessekx@freewebs.com,Clothing,$46711430.57,7 June 2009,SOUTH AFRICA
755,Hunter Maritime Acquisition Corp.,,Movies,$14817758.97,5 August 1989,United States of America.
756,Pioneer Municipal High Income Advantage Trust,bhewskz@desdev.cn,Clothing,$14856458.87,5 December 2004,UK.
757,Japan Smaller Capitalization Fund Inc,,Jewelry,$62509237.79,22 March 2008,United States/
758,Brookfield DTLA Inc.,,Books,$48643383.86,1 November 1992,UK 
759,SuperValu Inc.,lslingerl2@cmu.edu,Automotive,$20227930.31,15 June 1992,South Africa
760,"Mirna Therapeutics, Inc.",cmingardil3@51.la,Home,$11102754.20,27 October 2000,United States.
761,"HFF, Inc.",,Jewelry,$90712718.79,1 December 1989,United Kingdom.
762,"American Assets Trust, Inc.",,Automotive,$43874166.12,2 September 2010,UNITED STATES
763,First Defiance Financial Corp.,crattenberiel6@naver.com,Jewelry,$8562252.28,23 August 1994,United Kingdom
764,"Gray Television, Inc.",mbasleyl7@google.it,Kids,$22964457.22,1 September 2007,UNITED STATES
765,Capstone Turbine Corporation,,Movies,$52123720.89,17 February 2003,United States/
766,"Renewable Energy Group, Inc.",,Home,$56511782.99,5 June 2008,South Africa.
767,"Casella Waste Systems, Inc.",smeaseyla@go.com,Toys,$42218476.03,12 December 2005,United States/
768,"Alliance HealthCare Services, Inc.",,Baby,$20425617.85,4 November 2007,United Kingdom
769,PHH Corp,,Jewelry,$78702705.62,20 October 1996,United States
770,Pacific Gas & Electric Co.,fbratleyld@surveymonkey.com,Games,$6074859.64,10 August 2010,United States/
771,"Agile Therapeutics, Inc.",,Games,$7908579.10,19 April 2005,united kingdom
772,"Entergy Arkansas, Inc.",,Grocery,$24640281.51,19 September 1997,South Africa/
773,"Tableau Software, Inc.",odowninglg@cyberchimps.com,Music,$35228140.59,5 November 2008,united states
774,Brookdale Senior Living Inc.,socaheylh@samsung.com,Automotive,$99022207.16,15 April 2008,UK.
775,"Envestnet, Inc",,Shoes,$79520836.08,2 July 1997,south africa
776,Blackrock MuniHoldings Investment Quality Fund,,Industrial,$36096970.03,12 December 2004,UK.
777,"DexCom, Inc.",,Electronics,$37377635.10,7 November 2006,UK
778,"Zillow Group, Inc.",,Baby,$47343392.78,10 March 2008,United States of America
779,Southwest Airlines Company,,Clothing,$78370675.74,11 April 2008,UK 
780,"Stanley Black & Decker, Inc.",,Computers,$29454136.02,20 December 2002,South Africa.
781,"Celestica, Inc.",dtrounsonlo@gmpg.org,Computers,$77233435.61,7 June 2000,United States/
782,"ARCA biopharma, Inc.",,Industrial,$82240007.13,12 October 2011,United States.
783,Credit Acceptance Corporation,,Beauty,$46339166.67,4 July 2005,United Kingdom 
784,"SeaWorld Entertainment, Inc.",,,$2997021.50,27 February 2004,United States.
785,"Sarepta Therapeutics, Inc.",,Industrial,$62709294.29,24 October 1994,united states
786,Pangaea Logistics Solutions Ltd.,mbruynslt@quantcast.com,Games,$98693771.52,27 September 2012,uk
787,Cliffs Natural Resources Inc.,,Outdoors,$25272064.87,24 February 2006,United States.
788,Entercom Communications Corporation,,Books,$38844928.21,5 May 2001,UK 
789,"WEC Energy Group, Inc.",,Electronics,$24658346.57,5 April 1995,South Africa 
790,"Soligenix, Inc.",,Toys,$72494038.16,7 January 2006,UK 
791,"SPAR Group, Inc.",bhallworthly@yale.edu,Industrial,$7119883.41,4 July 1995,United States of America.
792,"BioScrip, Inc.",,Games,$45314784.35,20 May 2006,UK 
793,"American International Group, Inc.",kfrancombm0@vimeo.com,Garden,$98520129.42,12 July 2009,United States of America 
794,Kennametal Inc.,dfelminghamm1@blogtalkradio.com,Beauty,$10478683.48,6 November 2004,UK 
795,Nevro Corp.,omcgeachiem2@army.mil,Books,$19528401.77,22 April 2002,United Kingdom/
796,Pebblebrook Hotel Trust,mrobinsm3@bing.com,Garden,$56297093.64,17 September 2008,United States 
797,"People's United Financial, Inc.",rbeezem4@pbs.org,Jewelry,$61793929.23,26 June 1995,UK.
798,"WellCare Health Plans, Inc.",fkermonm5@wix.com,Kids,$19049790.02,12 November 2011,United Kingdom/
799,The KEYW Holding Corporation,killesm6@g.co,Automotive,$37109506.61,4 April 2000, United States of America
800,RiceBran Technologies,,Books,$16868455.59,10 July 2011, United States of America
801,"Fortinet, Inc.",pguilbertm8@soundcloud.com,,$87372405.33,17 October 2004,United States of America.
802,"Customers Bancorp, Inc",cgrimmettm9@yelp.com,Shoes,$50596344.59,15 May 1994,UNITED STATES
803,FlexShares Disciplined Duration MBS Index Fund,,Books,$8617875.58,25 July 1962,United States/
804,Tower Semiconductor Ltd.,,Garden,$16387895.57,5 November 2007, United States
805,Ryerson Holding Corporation,,Health,$25279490.42,16 June 2009,uk
806,Liberty Global plc,cduhigmd@lulu.com,Health,$37284034.47,21 September 2002, United Kingdom
807,Dreyfus High Yield Strategies Fund,,Baby,$61602068.75,7 June 2005,United Kingdom 
808,Nuveen High Income December 2019 Target Term Fund,jkalfmf@ask.com,Computers,$33522350.57,26 November 2007,United States/
809,National General Holdings Corp,,Toys,$20451446.03,22 June 1992,united states of america
810,Banco De Chile,,Toys,$35917536.80,19 July 2005,UNITED STATES
811,First Trust NASDAQ ABA Community Bank Index Fund,rcoushemi@wordpress.com,Books,$30480384.57,10 November 1993,United States 
812,Fox Factory Holding Corp.,hcapsmj@theatlantic.com,Automotive,$9063314.32,8 November 1989,united states of america
813,Eaton Vance Tax Advantaged Dividend Income Fund,kfessiermk@nhs.uk,Computers,$98548739.33,12 May 1988,United Kingdom
814,"NeoGenomics, Inc.",,Outdoors,$90358848.11,14 September 2010, South Africa
815,MagneGas Corporation,,Sports,$47101211.98,26 November 1996,UNITED STATES OF AMERICA
816,VictoryShares US 500 Enhanced Volatility Wtd ETF,,Home,$21854405.85,7 October 1997,UNITED STATES OF AMERICA
817,"Customers Bancorp, Inc",,Music,$8621840.18,7 July 2002, South Africa
818,"Home BancShares, Inc.",,Tools,$36541652.67,4 December 1999,United States of America.
819,"Boot Barn Holdings, Inc.",,Grocery,$87443572.13,15 September 2006,UNITED STATES OF AMERICA
820,Graham Holdings Company,,Toys,$52330938.92,25 September 2003,United Kingdom
821,Cowen Inc.,,Tools,$90794082.06,19 September 1996,united kingdom
822,TransCanada Corporation,,Computers,$82176832.18,15 March 1988,united states of america
823,The Long-Term Care ETF,jnornasellmu@mail.ru,Jewelry,$95597268.79,27 August 2007,United Kingdom 
824,"Redwood Trust, Inc.",,Games,$10279696.82,19 May 1995,UK
825,Kitov Pharmaceuticals Holdings Ltd.,gseintmw@virginia.edu,Books,$81363835.71,18 June 2000,United States.
826,Ivy NextShares,,Computers,$84694999.50,13 June 1995,UK/
827,"Stericycle, Inc.",wburstowemy@ehow.com,Shoes,$7145746.41,6 October 1994,united states of america
828,"Chegg, Inc.",tclabburnmz@jimdo.com,Music,$71710870.09,18 June 1992,UK 
829,Fang Holdings Limited,,Computers,$99839682.86,13 August 2013,United States of America 
830,"HD Supply Holdings, Inc.",,Industrial,$26512773.71,19 September 2011, United States
831,Annaly Capital Management Inc,iastletn2@statcounter.com,Clothing,$84407619.26,2 December 1992,United States of America
832,Huntington Bancshares Incorporated,tgallehockn3@mapy.cz,Computers,$86889899.34,1 November 2001,United States 
833,"Agile Therapeutics, Inc.",,Clothing,$80558042.49,2 October 2008,united states
834,BlackRock Science and Technology Trust,,Automotive,$30967753.53,16 September 2004,United Kingdom
835,Brookfield Business Partners L.P.,,Shoes,$57154762.08,20 August 1992,United States of America
836,"Ebix, Inc.",rwittmann7@google.de,Movies,$24805949.63,11 December 2004, United Kingdom
837,Urstadt Biddle Properties Inc.,,Kids,$66870766.40,10 March 1998,United Kingdom 
838,Modine Manufacturing Company,,Baby,$37787402.65,10 December 1986,South Africa/
839,"Internationa Flavors & Fragrances, Inc.",ejulianona@geocities.com,Baby,$43089084.58,14 April 1992,UNITED STATES
840,"PGT Innovations, Inc.",,Games,$91890177.81,25 December 1993,UK
841,"Pathfinder Bancorp, Inc.",,Shoes,$67128133.06,5 June 1985,South Africa 
842,M&T Bank Corporation,,Electronics,$43507555.99,17 June 2001, South Africa
843,"Boston Private Financial Holdings, Inc.",,Kids,$75580277.41,21 October 1999,UNITED STATES OF AMERICA
844,"Cempra, Inc.",ohandleynf@people.com.cn,Industrial,$33686021.75,13 September 2004, UK
845,"Western Asset Municipal High Income Fund, Inc.",,Sports,$38305570.66,15 January 2002,south africa
846,"Perficient, Inc.",mcapounnh@boston.com,Baby,$2069405.71,4 December 1990, South Africa
847,"Gibraltar Industries, Inc.",slidgettni@constantcontact.com,Books,$11233250.87,26 May 1984,United Kingdom/
848,"Ecology and Environment, Inc.",,Tools,$62811197.67,22 February 2013,United States of America 
849,Walter Investment Management Corp.,,Health,$2870349.69,22 November 2009, United States of America
850,WSFS Financial Corporation,,Baby,$85275176.03,12 September 1964,United Kingdom 
851,Sun Hydraulics Corporation,ypadgettnm@washingtonpost.com,Electronics,$2167762.15,26 November 2013,United Kingdom.
852,Ares Commercial Real Estate Corporation,acapstakenn@rambler.ru,Tools,$50910665.83,1 August 1996,United Kingdom 
853,Jupai Holdings Limited,,Automotive,$79610638.39,1 October 2001, United States
854,Resource Capital Corp.,hdonnellynp@ameblo.jp,Movies,$46939263.57,10 September 2004,UNITED STATES OF AMERICA
855,"AngioDynamics, Inc.",ekynetonnq@state.gov,Jewelry,$58816620.18,25 June 1978,UK
856,Companhia Brasileira de Distribuicao,,Home,$8619057.96,16 October 2000,United Kingdom.
857,"Allied Motion Technologies, Inc.",,Industrial,$56599857.91,18 December 2012,South Africa
858,VEON Ltd.,,Electronics,$8086375.47,20 May 2011,South Africa/
859,"Genius Brands International, Inc.",,Games,$80056380.55,21 September 1991,SOUTH AFRICA
860,eGain Corporation,tpimnv@etsy.com,Automotive,$42844537.59,18 October 1991,United Kingdom.
861,Netshoes (Cayman) Limited,,Jewelry,$84702518.02,26 July 2007,United States
862,"Accelerate Diagnostics, Inc.",,Kids,$30249625.57,23 April 2009, South Africa
863,"Allison Transmission Holdings, Inc.",lleallny@google.pl,Computers,$58161542.98,2 January 2003,United Kingdom 
864,Capella Education Company,rkollatschnz@bigcartel.com,Games,$85318448.37,25 September 2006,UNITED KINGDOM
865,BB&T Corporation,,Movies,$88373894.77,1 July 2012,United Kingdom
866,PowerShares Global Water Portfolio,,Jewelry,$7725202.06,23 July 2009,UNITED STATES OF AMERICA
867,ESCO Technologies Inc.,,Automotive,$45708735.35,1 February 1997,SOUTH AFRICA
868,Global Medical REIT Inc.,,Games,$50905772.39,6 September 1999,united states
869,PowerShares High Yield Equity Dividend Achievers Portfolio,,Toys,$63591607.04,27 May 2001,united states of america
870,WisdomTree United Kingdom Hedged Equity Fund,mrubino5@webeden.co.uk,Outdoors,$40577871.09,12 June 2001,SOUTH AFRICA
871,First Trust NASDAQ-100 Equal Weighted Index Fund,,Home,$59528015.21,10 June 1985,UK.
872,"Barracuda Networks, Inc.",,Books,$83845157.78,20 December 2011,united states of america
873,First Horizon National Corporation,iparkmano8@harvard.edu,Jewelry,$66247587.06,18 January 1990,United States of America.
874,"Oxford Industries, Inc.",awapolo9@dmoz.org,Electronics,$19080453.16,1 June 2008,UK
875,"Applied Materials, Inc.",,Garden,$8289004.05,7 February 1994,United States of America
876,"Buffalo Wild Wings, Inc.",,Industrial,$41163519.83,26 July 2006,UK 
877,NASDAQ TEST STOCK,estronackoc@macromedia.com,Computers,$22938067.19,25 February 2006, United States of America
878,"WesBanco, Inc.",,Garden,$29867121.76,12 January 2005,South Africa.
879,"Internationa Flavors & Fragrances, Inc.",lkirimaaoe@globo.com,Garden,$19690011.78,17 October 2010,United Kingdom 
880,"Editas Medicine, Inc.",,Home,$79700536.09,21 May 2006,UK/
881,Vanda Pharmaceuticals Inc.,,Toys,$2685552.63,20 February 2002,United Kingdom.
882,Cemex S.A.B. de C.V.,whavileoh@latimes.com,Computers,$4886897.16,22 September 2004,SOUTH AFRICA
883,"SB Financial Group, Inc.",kjoyesoi@marriott.com,Clothing,$14820770.23,14 June 2008,UK
884,Axis Capital Holdings Limited,,Clothing,$66180224.12,27 April 2006,south africa
885,"Athenex, Inc.",kdodgshunok@wikispaces.com,Outdoors,$10072289.15,20 October 1995,UNITED KINGDOM
886,Teekay Offshore Partners L.P.,,Music,$70790495.51,7 June 2006,United Kingdom 
887,The Charles Schwab Corporation,,Music,$88661892.41,26 February 1992,South Africa.
888,Genpact Limited,,Health,$44130597.96,16 February 2010,UK.
889,Canterbury Park Holding Corporation,,Health,$594919.47,15 May 2006, South Africa
890,Unifirst Corporation,gmagarrellop@fc2.com,Baby,$35467894.72,21 May 2011,uk
891,"Wheeler Real Estate Investment Trust, Inc.",oghionoq@globo.com,Electronics,$48990431.01,19 June 2003,United States/
892,Cemtrex Inc.,nfewlessor@who.int,Shoes,$48242511.52,1 May 2004,UK.
893,Ardmore Shipping Corporation,dmartinoos@quantcast.com,Books,$56699632.02,4 December 2006,United States of America.
894,Balchem Corporation,,Tools,$25912894.90,9 July 1998,United States of America/
895,eHi Car Services Limited,,Grocery,$19577459.55,16 January 2009,United States of America.
896,"Banc of California, Inc.",,Garden,$57583804.17,2 June 2011,United States 
897,First Merchants Corporation,,Electronics,$78260728.82,10 March 1996,UK/
898,NewMarket Corporation,,Home,$86234780.94,15 June 2012,South Africa.
899,ArcBest Corporation,,Books,$64138199.24,1 June 1998,UNITED KINGDOM
900,Invesco California Value Municipal Income Trust,deverilloz@wikia.com,Tools,$40883544.86,9 June 1998,United States of America.
901,"MyoKardia, Inc.",,Sports,$92024210.87,15 November 2008,United Kingdom 
902,"Hologic, Inc.",pwesternp1@wunderground.com,Computers,$65427946.62,24 April 1994,UNITED STATES
903,"Key Energy Services, Inc.",atreacyp2@tripadvisor.com,Books,$51804656.37,4 October 1989,United States 
904,Axar Acquisition Corp.,dazemap3@acquirethisname.com,Shoes,$28517380.03,26 December 2005,United States/
905,Invesco California Value Municipal Income Trust,sbelfordp4@edublogs.org,Tools,$56984391.11,4 June 1997,South Africa 
906,"Wesco Aircraft Holdings, Inc.",,Automotive,$38251338.31,27 May 2010,United States
907,Noble Energy Inc.,,Health,$26292623.93,11 June 2006, United Kingdom
908,Western Asset Mortgage Capital Corporation,yfredip7@ycombinator.com,Tools,$42586190.10,24 November 1961,United States of America.
909,Alphabet Inc.,gcoveyp8@cyberchimps.com,Toys,$24938992.30,2 November 2009,south africa
910,Hecla Mining Company,mtheodorisp9@upenn.edu,Clothing,$12029179.81,25 April 2002,UK.
911,Ares Management L.P.,,Tools,$53572781.98,4 August 2006,united states
912,"Amphastar Pharmaceuticals, Inc.",,Clothing,$57608397.74,23 October 2005,United States/
913,"Colony NorthStar, Inc.",rgosforthpc@infoseek.co.jp,Automotive,$60378509.39,7 June 2006,South Africa 
914,Nokia Corporation,philandpd@wufoo.com,Baby,$55949788.90,8 January 1993,United Kingdom/
915,Aramark,,Clothing,$62236669.52,18 August 2013,United States of America 
916,"Revlon, Inc.",,Movies,$52326577.20,7 August 2005,South Africa/
917,Grupo Financiero Santander Mexico S.A. B. de C.V.,,Games,$88403182.55,7 November 1993,United States of America.
918,L.S. Starrett Company (The),,Jewelry,$67316538.63,2 October 2005,United Kingdom.
919,Universal Technical Institute Inc,lmacscheriepi@about.com,Beauty,$96889582.31,10 March 1991,United Kingdom 
920,"Dorchester Minerals, L.P.",,Home,$20255731.46,11 July 1994, United States
921,"China Lodging Group, Limited",,Sports,$70778854.36,1 May 2009,South Africa
922,Chesapeake Energy Corporation,,Kids,$78314662.05,4 July 2009,UK.
923,First Trust Rising Dividend Achievers ETF,adinckepm@vistaprint.com,Garden,$38848600.00,14 November 2011,united kingdom
924,"Endurance International Group Holdings, Inc.",,Shoes,$75414900.91,26 January 2001, South Africa
925,KB Financial Group Inc,,Kids,$97943564.09,11 January 2000,united states
926,SVB Financial Group,,Automotive,$79276228.33,13 November 1988,south africa
927,Penn West Petroleum Ltd,kdickenpq@networkadvertising.org,Health,$36421278.80,20 December 2010,United States
928,PAR Technology Corporation,bcrewdsonpr@ameblo.jp,Garden,$97576318.53,18 August 2007,United States/
929,BioAmber Inc.,kughettips@blogs.com,Outdoors,$18644416.54,12 July 2011,south africa
930,INVESCO MORTGAGE CAPITAL INC,,Sports,$18507424.22,18 March 1985,United States of America/
931,"Genesis Healthcare, Inc.",imarrowspu@senate.gov,Automotive,$71879754.85,23 October 2008,South Africa 
932,Euronav NV,bfaillpv@mac.com,Books,$40478280.83,17 March 2006,UK
933,Hillenbrand Inc,,Computers,$5268921.08,13 May 1995, United States
934,Royal Bank Of Canada,oribeiropx@examiner.com,Outdoors,$72547027.00,9 December 1989, UK
935,"TriNet Group, Inc.",fkalaherpy@51.la,Grocery,$6318945.83,21 November 1999,South Africa
936,"China Ceramics Co., Ltd.",rbarfittpz@altervista.org,Movies,$4803166.00,10 December 1995,UNITED STATES OF AMERICA
937,DISH Network Corporation,,Books,$2248202.22,16 July 1994, United States
938,"Asta Funding, Inc.",jdrydaleq1@ifeng.com,Clothing,$28738247.73,11 September 2001,united states of america
939,"Four Corners Property Trust, Inc.",,Baby,$75133751.69,23 December 2007,United Kingdom.
940,Constellium N.V.,,Books,$5784812.45,17 June 2001,United States of America/
941,Western Asset Corporate Loan Fund Inc,gsimoneschiq4@altervista.org,Jewelry,$59720516.56,6 September 1989,United States 
942,Unisys Corporation,,Clothing,$92831512.55,15 January 1989,uk
943,Adaptimmune Therapeutics plc,,Games,$24997117.64,22 March 1994,UK.
944,AC Immune SA,pcrostonq7@nydailynews.com,Electronics,$18353129.33,15 November 2008,South Africa.
945,Insulet Corporation,dbatemanq8@hao123.com,Health,$91245535.42,16 January 1996, UK
946,First Trust NASDAQ Cybersecurity ETF,gmcmeekanq9@1688.com,Movies,$31234980.51,6 November 1992,United States 
947,The Gabelli Healthcare & Wellness Trust,,Kids,$84916025.73,21 April 2006,UK 
948,"Blackbaud, Inc.",,Garden,$87768385.58,8 April 2012,South Africa.
949,Immuron Limited,rfilyakovqc@google.co.jp,Home,$46266654.63,15 December 1998,UK/
950,M&T Bank Corporation,,Health,$62088139.09,19 July 1997,united states of america
951,Axalta Coating Systems Ltd.,,Industrial,$34307127.67,2 February 1997,United States of America.
952,MGM Growth Properties LLC,,Automotive,$511910.48,2 April 2005,UK
953,Diana Shipping inc.,,Beauty,$33214994.31,9 April 1992, South Africa
954,"Monarch Casino & Resort, Inc.",,Computers,$19720283.75,6 January 1997,UK
955,"Just Energy Group, Inc.",hchaplainqi@live.com,Jewelry,$33829146.25,26 April 2002, UK
956,Enerplus Corporation,kdaffeyqj@wisc.edu,Kids,$46442967.53,15 June 1985, UK
957,Cross Timbers Royalty Trust,,Health,$82730395.57,27 March 2013,south africa
958,"Triumph Bancorp, Inc.",ndineenql@altervista.org,Kids,$30435107.97,12 December 1995,United Kingdom/
959,Public Storage,dmiguelqm@ftc.gov,Tools,$43107142.95,13 November 2000,south africa
960,Medley Capital Corporation,agautreyqn@independent.co.uk,Industrial,$5866408.64,9 August 1995, South Africa
961,Itau Unibanco Banco Holding SA,,Industrial,$37805142.58,18 August 2008,United States of America
962,"Computer Task Group, Incorporated",,,$810455.00,1 April 2004,United States of America/
963,Vanguard Russell 3000 ETF,,Home,$71626580.47,17 June 1997,UNITED STATES OF AMERICA
964,Entravision Communications Corporation,ltookeqr@about.com,Sports,$20491447.35,24 January 1996,United States of America 
965,Euroseas Ltd.,,Grocery,$18410035.31,21 October 1986,UNITED STATES OF AMERICA
966,V.F. Corporation,dbeverqt@boston.com,Garden,$94589469.71,17 December 2012,United States/
967,"Monster Digital, Inc.",kwalfordqu@paginegialle.it,Kids,$38214822.97,17 January 1993,UNITED KINGDOM
968,Sequans Communications S.A.,,Clothing,$66342182.74,10 May 1992,United States of America 
969,Seaspan Corporation,,Movies,$61399292.21,25 November 1993,UK
970,"MMA Capital Management, LLC",melfeqx@accuweather.com,Movies,$57032169.88,15 April 2010,UK
971,"The Hackett Group, Inc.",gsellickqy@cocolog-nifty.com,Shoes,$22834254.24,27 February 2003,United Kingdom 
972,"Donaldson Company, Inc.",tarnholtzqz@bizjournals.com,Industrial,$50251927.87,25 August 2003,South Africa.
973,Trimble Inc.,,Beauty,$20782867.80,8 March 2008,United States/
974,Griffon Corporation,,Music,$58685748.45,7 February 1994,south africa
975,Seaspan Corporation,,Tools,$50810681.98,16 January 2002, United Kingdom
976,Virtus Global Multi-Sector Income Fund,ebrunir3@gizmodo.com,Automotive,$14984168.34,23 January 2003,United Kingdom/
977,SL Green Realty Corporation,efairbracer4@linkedin.com,Kids,$5502901.46,18 January 1991,united states of america
978,"TJX Companies, Inc. (The)",,Movies,$99948228.44,27 February 2000,South Africa.
979,iStar Financial Inc.,,Beauty,$59749857.85,27 November 2012, United Kingdom
980,Yamana Gold Inc.,,Books,$76839730.60,13 August 1993, United Kingdom
981,Enbridge Energy Management LLC,,Tools,$35505179.38,5 January 1998,south africa
982,"American International Group, Inc.",,Outdoors,$64794322.43,11 September 2009,South Africa/
983,"Axon Enterprise, Inc.",,Jewelry,$73882233.87,20 August 1993,UK/
984,"Medical Properties Trust, Inc.",,Home,$54576288.61,16 August 2007,South Africa/
985,"support.com, Inc.",,Computers,$90719040.97,4 September 2006,UNITED STATES
986,"Mota Group, Inc.",,Baby,$81671749.32,8 October 1996,United States 
987,"Shake Shack, Inc.",,Kids,$60853987.50,20 July 1992,United States of America.
988,"Ares Dynamic Credit Allocation Fund, Inc.",fbrocklebankrf@sitemeter.com,Health,$34762898.80,11 November 1989,UK 
989,Univest Corporation of Pennsylvania,,Clothing,$65563062.59,27 May 1999,UK
990,Madison Covered Call & Equity Strategy Fund,nbaikerh@list-manage.com,Electronics,$85704421.13,9 May 1993,united states of america
991,Central Garden & Pet Company,,Sports,$76435564.22,18 November 2012,South Africa/
992,"Atlantic Capital Bancshares, Inc.",mgribbellrj@symantec.com,Clothing,$83355366.27,11 March 2001, United States of America
993,"United Natural Foods, Inc.",,Books,$71241644.37,9 April 2009,South Africa
994,Monotype Imaging Holdings Inc.,,Outdoors,$57381486.35,10 August 1999,UNITED STATES OF AMERICA
995,"James River Group Holdings, Ltd.",,Electronics,$99210254.05,7 May 2005, United States of America
996,Columbia Sportswear Company,cschooleyrn@sohu.com,Automotive,$52593924.99,3 October 2005,United States
997,WisdomTree Interest Rate Hedged High Yield Bond Fund,,Electronics,$60473676.46,27 August 1990,United Kingdom/
998,Tortoise Energy Infrastructure Corporation,cbeardshallrp@ow.ly,Health,$1697293.64,7 June 2009,United Kingdom
999,Qwest Corporation,,Beauty,$30091863.73,10 June 2011, UK
1000,SLM Corporation,,Kids,$66106336.48,4 August 2011,South Africa